Unnamed: 0,City_Name,City_Lat,City_Long,Temperature,Humidity,Cloudiness,Wind_Speed,Country,Date
0,Hurghada,27.2574,33.8129,80.44,46,0,24.47,EG,2021-06-16 22:12:40
1,Wanning,18.8003,110.3967,80.73,87,71,8.3,CN,2021-06-16 22:14:09
2,Cortes,41.9395,-1.4396,79.7,59,43,3.47,ES,2021-06-16 22:14:10
3,Atuona,-9.8,-139.0333,79.38,76,22,23.82,PF,2021-06-16 22:14:10
4,Novo AripuanÃ£,-5.1206,-60.3797,75.24,95,66,0.54,BR,2021-06-16 22:14:11
5,Esperance,-33.8667,121.9,54.64,70,100,10.94,AU,2021-06-16 22:14:11
6,âEwa Beach,21.3156,-158.0072,85.37,50,75,17.27,US,2021-06-16 22:10:58
7,Santa Fe,-31.6333,-60.7,45.3,84,100,1.99,AR,2021-06-16 22:10:10
8,Bengkulu,-3.8004,102.2655,74.62,90,93,3.83,ID,2021-06-16 22:14:12
9,Puerto Ayora,-0.7393,-90.3518,76.55,82,25,5.99,EC,2021-06-16 22:14:12
10,Hilo,19.7297,-155.09,77.52,76,90,5.75,US,2021-06-16 22:14:13
11,Busselton,-33.65,115.3333,39.09,80,0,7.52,AU,2021-06-16 22:14:13
12,Rikitea,-23.1203,-134.9692,74.08,80,97,23.17,PF,2021-06-16 22:14:14
13,Sibu,2.3,111.8167,72.0,99,100,1.86,MY,2021-06-16 22:14:14
14,Ancud,-41.8697,-73.8203,44.13,70,0,8.14,CL,2021-06-16 22:14:14
15,Vaini,-21.2,-175.2,78.96,83,75,8.05,TO,2021-06-16 22:14:15
16,George Town,5.4112,100.3354,81.91,87,20,0.0,MY,2021-06-16 22:14:15
17,Torbay,47.6666,-52.7314,60.71,97,90,13.8,CA,2021-06-16 22:09:37
18,Atar,20.5169,-13.0499,95.92,15,7,11.97,MR,2021-06-16 22:14:16
19,Jamestown,42.097,-79.2353,62.76,44,1,4.0,US,2021-06-16 22:14:16
20,Yuci,37.6803,112.7319,64.15,88,40,2.24,CN,2021-06-16 22:14:17
21,Raja,8.4596,25.678,70.25,94,90,6.55,SS,2021-06-16 22:14:17
22,Avarua,-21.2078,-159.775,78.85,83,20,20.71,CK,2021-06-16 22:14:17
23,Mataura,-46.1927,168.8643,40.48,95,92,1.5,NZ,2021-06-16 22:14:18
24,Hobyo,5.3505,48.5268,76.96,86,100,23.89,SO,2021-06-16 22:14:18
25,Alofi,-19.0595,-169.9187,80.49,78,75,10.36,NU,2021-06-16 22:14:19
26,Saint-FranÃ§ois,46.4154,3.9054,69.31,78,0,5.75,FR,2021-06-16 22:14:19
27,Pakxan,18.3778,103.6601,74.3,96,65,1.99,LA,2021-06-16 22:14:20
28,Umluj,25.0213,37.2685,82.22,57,0,9.78,SA,2021-06-16 22:14:20
29,SÃ£o Filipe,14.8961,-24.4956,72.82,83,16,5.68,CV,2021-06-16 22:14:20
30,Muisne,0.6,-80.0333,80.71,83,88,8.01,EC,2021-06-16 22:14:21
31,Yinchuan,38.4681,106.2731,58.19,52,59,2.19,CN,2021-06-16 22:14:21
32,Dakar,14.6937,-17.4441,77.88,84,42,12.53,SN,2021-06-16 22:13:12
33,Key West,24.5557,-81.7826,77.2,92,90,33.38,US,2021-06-16 22:10:31
34,Baikunthpur,23.25,82.55,78.53,66,100,6.49,IN,2021-06-16 22:11:09
35,Inhambane,-23.865,35.3833,67.73,82,9,8.39,MZ,2021-06-16 22:14:22
36,San Patricio,28.017,-97.5169,90.59,49,1,14.2,US,2021-06-16 22:14:22
37,Cayenne,4.9333,-52.3333,79.09,88,75,1.01,GF,2021-06-16 22:14:23
38,Bethel,41.3712,-73.414,72.54,42,1,9.22,US,2021-06-16 22:13:54
39,Gaya,24.7833,85.0,78.53,88,100,4.0,IN,2021-06-16 22:11:05
40,Furano,43.2818,142.4743,58.5,81,98,1.5,JP,2021-06-16 22:14:24
41,Victor Harbor,-35.5667,138.6167,54.32,93,16,9.78,AU,2021-06-16 22:14:24
42,Chirongui,-12.9319,45.1483,75.13,68,3,9.33,YT,2021-06-16 22:14:25
43,Limenaria,40.6261,24.5786,70.77,74,19,2.08,GR,2021-06-16 22:14:25
44,Fray Bentos,-33.1325,-58.2956,48.72,75,100,8.28,UY,2021-06-16 22:14:25
45,Neiafu,-18.65,-173.9833,79.48,78,75,6.91,TO,2021-06-16 22:14:26
46,Marystown,47.1666,-55.1483,51.35,98,100,3.38,CA,2021-06-16 22:11:11
47,Doha,25.2867,51.5333,96.78,24,0,11.5,QA,2021-06-16 22:13:36
48,Kumul,42.8,93.45,73.76,17,88,5.14,CN,2021-06-16 22:14:27
49,Turaif,31.6725,38.6637,68.22,44,0,13.8,SA,2021-06-16 22:14:27
50,Wenling,28.3669,121.36,79.88,95,99,4.56,CN,2021-06-16 22:14:28
51,Alta Floresta,-9.8756,-56.0861,80.94,55,77,2.19,BR,2021-06-16 22:14:28
52,Pemangkat,1.1667,108.9667,77.25,89,85,4.79,ID,2021-06-16 22:14:28
53,Severo-Kuril'sk,50.6789,156.125,48.09,80,80,8.23,RU,2021-06-16 22:14:29
54,Payo,-3.7508,103.6372,70.56,96,96,1.79,ID,2021-06-16 22:14:29
55,Camacha,33.0833,-16.3333,65.61,77,75,13.8,PT,2021-06-16 22:14:30
56,ConstituciÃ³n,-35.3333,-72.4167,55.49,83,62,2.35,CL,2021-06-16 22:14:30
57,Butaritari,3.0707,172.7902,83.53,73,85,13.78,KI,2021-06-16 22:14:30
58,Pochutla,15.7432,-96.4661,75.81,96,100,6.71,MX,2021-06-16 22:14:31
59,Tuy Hoa,13.0833,109.3,78.1,80,97,6.58,VN,2021-06-16 22:14:31
60,Aloleng,16.1307,119.7824,81.79,77,70,8.19,PH,2021-06-16 22:14:32
61,San Blas,21.5167,-105.2667,96.69,66,26,11.7,MX,2021-06-16 22:14:32
62,Prieta,15.5833,-86.1833,85.42,86,100,2.93,HN,2021-06-16 22:14:33
63,Kapaa,22.0752,-159.319,76.93,84,75,1.99,US,2021-06-16 22:14:33
64,Carnarvon,-24.8667,113.6333,50.07,58,0,11.5,AU,2021-06-16 22:14:33
65,Corinth,37.9407,22.9573,70.05,64,0,2.04,GR,2021-06-16 22:10:29
66,Rome,34.257,-85.1647,83.59,43,0,1.99,US,2021-06-16 22:14:21
67,Kiryat Gat,31.61,34.7642,66.97,100,1,5.28,IL,2021-06-16 22:14:34
68,Auki,-8.7676,160.7034,82.08,72,13,3.4,SB,2021-06-16 22:14:35
69,Lebu,-37.6167,-73.65,54.19,82,54,6.53,CL,2021-06-16 22:14:35
70,Codrington,-38.2667,141.9667,48.81,81,97,4.56,AU,2021-06-16 22:14:35
71,Road Town,18.4167,-64.6167,84.11,74,40,13.8,VG,2021-06-16 22:10:57
72,Port Lincoln,-34.7333,135.8667,56.44,78,98,12.59,AU,2021-06-16 22:10:30
73,Launceston,-41.45,147.1667,45.14,95,100,3.0,AU,2021-06-16 22:14:36
74,Tongliao,43.6125,122.2653,64.49,65,100,15.12,CN,2021-06-16 22:14:37
75,Hasaki,35.7333,140.8333,68.68,78,100,5.93,JP,2021-06-16 22:14:37
76,Malindi,-3.2175,40.1191,76.44,77,96,15.93,KE,2021-06-16 22:14:37
77,Bangarapet,12.9667,78.2,70.79,80,100,17.07,IN,2021-06-16 22:14:38
78,Seddon,-37.8068,144.8916,45.97,92,40,1.01,AU,2021-06-16 22:14:38
79,Pickerington,39.8842,-82.7535,74.7,32,1,4.61,US,2021-06-16 22:11:57
80,Tuban,-6.8976,112.0649,76.93,86,90,5.55,ID,2021-06-16 22:14:39
81,Aksu,41.1231,80.2644,67.86,37,90,8.34,CN,2021-06-16 22:14:39
82,Tautira,-17.7333,-149.15,82.42,81,96,21.94,PF,2021-06-16 22:14:40
83,Lundazi,-12.2929,33.1782,53.29,67,0,5.77,ZM,2021-06-16 22:14:40
84,Faanui,-16.4833,-151.75,81.21,74,100,21.12,PF,2021-06-16 22:14:41
85,Padang,-0.9492,100.3543,71.65,77,37,3.78,ID,2021-06-16 22:14:41
86,Sur,22.5667,59.5289,88.48,54,1,4.7,OM,2021-06-16 22:14:41
87,Kavieng,-2.5744,150.7967,82.8,69,86,9.35,PG,2021-06-16 22:14:42
88,AgÃ¼imes,27.9054,-15.4461,68.07,70,20,16.11,ES,2021-06-16 22:14:42
89,Saint George,37.1041,-113.5841,113.18,8,1,1.99,US,2021-06-16 22:13:41
90,Rexburg,43.826,-111.7897,82.17,19,1,13.8,US,2021-06-16 22:14:43
91,Bambous Virieux,-20.3428,57.7575,69.22,77,80,15.23,MU,2021-06-16 22:14:43
92,Stephenville,32.2207,-98.2023,93.34,42,1,5.75,US,2021-06-16 22:14:43
93,Farah,32.5,62.5,75.29,8,0,11.1,AF,2021-06-16 22:14:44
94,Fond du Lac,43.775,-88.4388,75.07,49,3,1.43,US,2021-06-16 22:14:44
95,Saint-Philippe,-21.3585,55.7679,68.34,83,62,12.19,RE,2021-06-16 22:14:45
96,Ambilobe,-13.2,49.05,68.13,88,91,3.51,MG,2021-06-16 22:14:45
97,Cartagena,10.3997,-75.5144,89.22,66,40,13.8,CO,2021-06-16 22:12:49
98,Huanren,41.2647,125.3667,64.29,97,100,3.96,CN,2021-06-16 22:14:46
99,Balabac,7.9868,117.0645,82.67,77,48,9.95,PH,2021-06-16 22:14:46
100,Bilma,18.6853,12.9164,91.17,14,22,7.38,NE,2021-06-16 22:13:18
101,Ponta do Sol,32.6667,-17.1,68.94,76,90,4.83,PT,2021-06-16 22:14:47
102,Margate,51.3813,1.3862,66.88,91,42,4.0,GB,2021-06-16 22:14:47
103,Sal Rei,16.1833,-22.9167,73.96,88,8,14.12,CV,2021-06-16 22:14:48
104,Denpasar,-8.65,115.2167,80.26,83,40,9.22,ID,2021-06-16 22:13:34
105,Adrar,20.5022,-10.0711,98.2,13,14,18.77,MR,2021-06-16 22:14:48
106,Chimbote,-9.0853,-78.5783,68.67,80,99,10.38,PE,2021-06-16 22:14:49
107,Port Hardy,50.6996,-127.4199,59.94,66,85,3.87,CA,2021-06-16 22:14:49
108,Manggar,-2.8833,108.2667,79.21,81,53,4.5,ID,2021-06-16 22:14:49
109,Manaus,-3.1019,-60.025,73.89,100,75,2.3,BR,2021-06-16 22:11:34
110,Meulaboh,4.1363,96.1285,75.56,85,68,4.14,ID,2021-06-16 22:14:50
111,Buraidah,26.326,43.975,85.12,14,3,9.42,SA,2021-06-16 22:14:50
112,Lampang,18.3333,99.5,79.52,95,95,2.21,TH,2021-06-16 22:14:51
113,HumaitÃ¡,-7.5061,-63.0208,81.79,68,100,0.11,BR,2021-06-16 22:14:51
114,Te Anau,-45.4167,167.7167,43.25,90,75,3.11,NZ,2021-06-16 22:14:52
115,Jumla,29.2747,82.1838,59.54,95,89,2.86,NP,2021-06-16 22:14:52
116,Esik,43.3552,77.4525,62.02,50,100,6.87,KZ,2021-06-16 22:14:52
117,San Policarpo,12.1791,125.5072,78.55,89,14,5.59,PH,2021-06-16 22:14:53
118,Luoyang,34.6836,112.4536,71.85,71,97,8.48,CN,2021-06-16 22:14:53
119,Benidorm,38.5382,-0.131,73.99,91,93,9.51,ES,2021-06-16 22:14:54
120,Hong Kong,22.2855,114.1577,84.79,87,98,3.0,HK,2021-06-16 22:11:38
121,Oddur,4.1213,43.8894,70.32,79,87,17.92,SO,2021-06-16 22:14:54
122,Makkah al Mukarramah,21.4267,39.8261,86.81,43,39,4.5,SA,2021-06-16 22:11:44
123,Vila Velha,-20.3297,-40.2925,69.94,84,0,1.01,BR,2021-06-16 22:14:55
124,Pilar,-9.5972,-35.9567,76.93,91,17,4.79,BR,2021-06-16 22:14:55
125,Maungaturoto,-36.1,174.3667,59.63,82,13,6.26,NZ,2021-06-16 22:14:56
126,RibeirÃ£o Branco,-24.2208,-48.7656,52.77,93,93,6.38,BR,2021-06-16 22:14:56
127,AbhÄ,18.2164,42.5053,66.45,45,0,0.0,SA,2021-06-16 22:14:56
128,Bartica,6.4,-58.6167,80.92,94,72,3.18,GY,2021-06-16 22:14:57
129,Teberda,43.4456,41.7448,59.7,87,0,8.99,RU,2021-06-16 22:14:57
130,Pacific Grove,36.6177,-121.9166,72.66,66,1,4.0,US,2021-06-16 22:14:58
131,Dajal,29.5577,70.3762,88.75,44,91,7.99,PK,2021-06-16 22:14:58
132,Anloga,5.7947,0.8973,79.81,79,99,20.78,GH,2021-06-16 22:14:59
133,Chatham,51.3789,0.5279,66.76,92,82,1.01,GB,2021-06-16 22:11:38
134,Kahului,20.8947,-156.47,84.07,66,20,18.41,US,2021-06-16 22:10:29
135,Cairns,-16.9167,145.7667,72.73,97,18,0.0,AU,2021-06-16 22:15:00
136,Souillac,-20.5167,57.5167,73.78,78,75,13.8,MU,2021-06-16 22:15:00
137,Yulara,-25.2406,130.9889,46.24,57,100,5.75,AU,2021-06-16 22:15:01
138,Cabo San Lucas,22.8909,-109.9124,93.51,40,1,14.97,MX,2021-06-16 22:15:01
139,Salalah,17.0151,54.0924,82.49,89,75,4.61,OM,2021-06-16 22:15:01
140,LÃ¡zaro CÃ¡rdenas,17.9583,-102.2,84.47,73,100,7.05,MX,2021-06-16 22:15:04
141,Coquimbo,-29.9533,-71.3436,58.73,77,0,8.05,CL,2021-06-16 22:15:05
142,Vila Franca do Campo,37.7167,-25.4333,68.41,92,98,4.41,PT,2021-06-16 22:15:05
143,Tessalit,20.1986,1.0114,95.09,9,0,15.37,ML,2021-06-16 22:15:06
144,Jinchang,38.4953,102.1739,55.92,60,79,4.85,CN,2021-06-16 22:15:06
145,Bathsheba,13.2167,-59.5167,81.21,69,20,14.97,BB,2021-06-16 22:15:06
146,Knysna,-34.0363,23.0471,55.78,80,0,3.94,ZA,2021-06-16 22:15:07
147,Soe,-9.8607,124.28399999999999,58.62,85,4,4.36,ID,2021-06-16 22:15:07
148,InÃ­rida,3.8653,-67.9239,77.61,91,80,2.24,CO,2021-06-16 22:15:08
149,Avanigadda,16.0215,80.9181,86.63,56,100,13.8,IN,2021-06-16 22:15:08
150,Kruisfontein,-34.0033,24.7314,52.88,84,2,6.55,ZA,2021-06-16 22:15:09
151,Tabou,4.423,-7.3528,78.3,81,95,7.94,CI,2021-06-16 22:15:09
152,Mogadishu,2.0371,45.3438,77.81,81,72,17.18,SO,2021-06-16 22:15:09
153,Marinhas,41.5591,-8.783,67.62,97,94,3.62,PT,2021-06-16 22:15:10
154,MahÃ©bourg,-20.4081,57.7,73.69,78,75,13.8,MU,2021-06-16 22:15:10
155,Pathein,16.7833,94.7333,75.34,97,100,4.81,MM,2021-06-16 22:15:11
156,Arraial do Cabo,-22.9661,-42.0278,70.81,74,8,18.99,BR,2021-06-16 22:15:11
157,Marabba,12.35,32.1833,86.52,51,100,8.1,SD,2021-06-16 22:15:11
158,Beloha,-25.1667,45.05,62.26,80,18,8.37,MG,2021-06-16 22:15:12
159,Geraldton,-28.7667,114.6,48.61,93,0,3.44,AU,2021-06-16 22:15:12
160,Poso,-1.3959,120.7524,76.33,81,13,4.9,ID,2021-06-16 22:15:13
161,Manjacaze,-24.7117,33.8828,60.75,93,25,7.36,MZ,2021-06-16 22:15:13
162,Ashland,40.8167,-82.2665,69.69,53,40,6.35,US,2021-06-16 22:15:13
163,Mazatlan,25.2,-99.8167,89.56,30,48,12.97,MX,2021-06-16 22:15:14
164,Kidal,18.4411,1.4078,94.59,9,0,11.03,ML,2021-06-16 22:15:14
165,Malakal,9.5334,31.6605,76.73,83,100,4.27,SS,2021-06-16 22:15:15
166,Port-Gentil,-0.7193,8.7815,77.9,82,83,14.36,GA,2021-06-16 22:15:15
167,Kibre Mengist,5.8833,38.9833,59.04,89,100,1.32,ET,2021-06-16 22:15:15
168,Cabra,37.4725,-4.4421,67.41,64,100,1.01,ES,2021-06-16 22:15:16
169,Lompoc,34.6391,-120.4579,88.23,41,1,13.8,US,2021-06-16 22:12:46
170,San Cristobal,7.7669,-72.225,75.38,58,24,4.79,VE,2021-06-16 22:15:16
171,Araouane,18.9048,-3.5265,97.38,12,4,4.76,ML,2021-06-16 22:15:17
172,Rancho Mirage,33.7397,-116.4128,108.21,17,1,1.99,US,2021-06-16 22:11:05
173,Gisborne,-38.6533,178.0042,59.95,66,3,9.53,NZ,2021-06-16 22:15:17
174,Touros,-5.1989,-35.4608,79.7,80,2,14.97,BR,2021-06-16 22:15:18
175,Puerto Cabello,10.4731,-68.0125,79.34,84,76,10.16,VE,2021-06-16 22:15:18
176,Santa Marta,11.2408,-74.199,88.34,78,51,12.86,CO,2021-06-16 22:11:48
177,Yamethin,20.4333,96.15,74.61,92,100,8.46,MM,2021-06-16 22:15:19
178,Guerrero Negro,27.9769,-114.0611,80.11,49,22,14.65,MX,2021-06-16 22:15:19
179,Laas,46.6166,10.7002,70.47,90,22,2.91,IT,2021-06-16 22:15:20
180,KhÄsh,28.2211,61.2158,72.84,9,0,6.35,IR,2021-06-16 22:15:20
181,Ribas do Rio Pardo,-20.4431,-53.7592,67.53,58,59,7.96,BR,2021-06-16 22:15:21
182,Odesa,46.4775,30.7326,62.53,100,0,2.24,UA,2021-06-16 22:15:21
183,Marsh Harbour,26.5412,-77.0636,81.73,71,100,7.94,BS,2021-06-16 22:15:22
184,Lorengau,-2.0226,147.2712,82.24,75,97,4.74,PG,2021-06-16 22:15:22
185,Muros,42.7762,-9.0603,65.57,87,94,5.7,ES,2021-06-16 22:15:22
186,Bubaque,11.2833,-15.8333,80.87,83,100,14.83,GW,2021-06-16 22:15:23
187,Hithadhoo,-0.6,73.0833,83.46,74,67,8.46,MV,2021-06-16 22:15:23
188,Olinda,-8.0089,-34.8553,74.93,83,20,9.22,BR,2021-06-16 22:15:17
189,Hamilton,39.1834,-84.5333,78.46,37,1,1.01,US,2021-06-16 22:15:04
190,Saint Paul Harbor,57.79,-152.4072,47.71,87,90,5.75,US,2021-06-16 22:14:51
191,Hualmay,-11.0964,-77.6139,69.33,76,55,12.53,PE,2021-06-16 22:15:24
192,Castro,-24.7911,-50.0119,49.93,92,53,4.41,BR,2021-06-16 22:13:44
193,AsÄu,46.4333,26.4,61.57,91,89,6.76,RO,2021-06-16 22:15:25
194,Carupano,10.6678,-63.2585,78.62,87,100,7.63,VE,2021-06-16 22:15:25
195,Naze,28.3667,129.4833,76.12,86,96,10.33,JP,2021-06-16 22:15:25
196,Gijang,35.2442,129.2139,69.53,87,100,14.25,KR,2021-06-16 22:15:26
197,Ambon City,-3.6954,128.1814,75.34,94,75,2.3,ID,2021-06-16 22:15:26
198,Sabang,5.8933,95.3214,83.25,70,100,15.9,ID,2021-06-16 22:15:27
199,Yumen,40.2833,97.2,58.87,29,22,7.2,CN,2021-06-16 22:15:27
200,Karratha,-20.7377,116.8463,64.53,36,99,15.93,AU,2021-06-16 22:15:28
201,Oussouye,12.485,-16.5469,82.49,76,87,9.71,SN,2021-06-16 22:15:28
202,Linxia Chengguanzhen,35.6003,103.2064,50.14,77,100,2.46,CN,2021-06-16 22:15:28
203,Khorramshahr,30.4397,48.1664,89.56,22,0,16.11,IR,2021-06-16 22:15:29
204,Terre Haute,39.4667,-87.4139,82.99,39,4,7.65,US,2021-06-16 22:11:36
205,Semnan,35.5729,53.3971,79.14,28,0,7.72,IR,2021-06-16 22:15:30
206,Pisco,-13.7,-76.2167,68.05,77,0,17.27,PE,2021-06-16 22:15:30
207,Manta,-0.95,-80.7333,80.38,74,75,5.75,EC,2021-06-16 22:15:30
208,Ballina,-28.8667,153.5667,60.84,85,11,9.1,AU,2021-06-16 22:15:31
209,Santa Cruz de la Sierra,-17.8,-63.1667,68.05,60,75,9.22,BO,2021-06-16 22:15:31
210,Vao,-22.6667,167.4833,71.82,76,71,6.26,NC,2021-06-16 22:15:32
211,Fengzhen,40.4394,113.1536,54.81,63,85,4.27,CN,2021-06-16 22:15:32
212,Kyabram,-36.3167,145.05,46.87,90,100,5.53,AU,2021-06-16 22:15:32
213,Marondera,-18.1853,31.5519,48.56,74,1,5.7,ZW,2021-06-16 22:15:33
214,Albany,42.6001,-73.9662,67.28,42,3,4.0,US,2021-06-16 22:15:08
215,Moindou,-21.6924,165.67700000000002,69.75,74,30,3.67,NC,2021-06-16 22:15:33
216,Muroto-misakicho,33.2833,134.15,71.64,80,12,9.46,JP,2021-06-16 22:15:34
217,Calvillo,21.85,-102.7167,83.34,26,95,4.94,MX,2021-06-16 22:15:34
218,Nantucket,41.2835,-70.0995,68.61,69,1,8.05,US,2021-06-16 22:15:35
220,Charagua,-19.8,-63.2167,54.97,77,100,6.4,BO,2021-06-16 22:15:35
221,Kulhudhuffushi,6.6221,73.07,82.53,80,76,17.67,MV,2021-06-16 22:15:36
222,Airai,-8.9266,125.4092,54.28,71,49,2.82,TL,2021-06-16 22:15:36
223,Kota Bharu,6.1333,102.2386,80.55,89,20,0.0,MY,2021-06-16 22:15:37
224,DwÄrka,22.2394,68.9678,85.39,78,56,15.21,IN,2021-06-16 22:15:37
225,Ahipara,-35.1667,173.1667,60.37,74,2,9.33,NZ,2021-06-16 22:15:37
226,Nurota,40.5614,65.6886,62.69,17,0,4.47,UZ,2021-06-16 22:15:38
227,Breves,-1.6822,-50.4803,79.48,76,31,1.59,BR,2021-06-16 22:15:38
228,Aquiraz,-3.9014,-38.3911,80.69,77,30,7.74,BR,2021-06-16 22:15:39
229,Hambantota,6.1241,81.1185,79.02,83,99,16.62,LK,2021-06-16 22:15:39
230,Hermanus,-34.4187,19.2345,50.81,83,0,7.49,ZA,2021-06-16 22:15:39
231,Ransang,8.9603,117.5828,79.38,86,28,3.62,PH,2021-06-16 22:15:40
232,PouÃ©bo,-20.4,164.5667,75.81,76,69,7.58,NC,2021-06-16 22:15:40
233,Plettenberg Bay,-34.0527,23.3716,57.51,79,0,4.56,ZA,2021-06-16 22:15:41
234,CamanÃ¡,-16.6228,-72.7111,64.94,86,61,8.16,PE,2021-06-16 22:15:41
235,Fes,34.0372,-4.9998,68.25,63,40,6.91,MA,2021-06-16 22:15:41
236,Batemans Bay,-35.7167,150.1833,50.92,67,100,7.83,AU,2021-06-16 22:15:42
237,Caravelas,-17.7125,-39.2481,70.0,75,18,6.2,BR,2021-06-16 22:15:42
238,Samarai,-10.6167,150.6667,79.86,85,96,13.82,PG,2021-06-16 22:15:43
239,Katsuura,35.1333,140.3,70.41,83,100,8.16,JP,2021-06-16 22:15:43
240,Waingapu,-9.6567,120.2641,71.24,85,36,6.26,ID,2021-06-16 22:15:44
241,Saldanha,-33.0117,17.9442,53.65,90,7,7.85,ZA,2021-06-16 22:15:44
242,OmbouÃ©,-1.5746,9.2618,76.26,86,71,9.28,GA,2021-06-16 22:15:44
243,Muscat,23.6139,58.5922,91.42,53,0,8.81,OM,2021-06-16 22:15:45
244,Goundam,16.4145,-3.6708,97.36,18,6,7.74,ML,2021-06-16 22:15:45
245,Dicabisagan,17.0818,122.4157,80.67,86,70,7.14,PH,2021-06-16 22:15:45
246,Matiri,-10.75,34.9,51.66,68,1,3.2,TZ,2021-06-16 22:15:46
247,Japaratuba,-10.5933,-36.9403,76.28,86,3,5.68,BR,2021-06-16 22:15:46
248,Porto-Novo,6.4965,2.6036,82.22,76,72,10.67,BJ,2021-06-16 22:15:47
249,Mar del Plata,-38.0023,-57.5575,45.59,68,90,3.0,AR,2021-06-16 22:15:28
250,Gelemso,8.8167,40.5167,63.52,66,100,5.77,ET,2021-06-16 22:15:47
251,Reconquista,-29.15,-59.65,52.23,59,100,9.15,AR,2021-06-16 22:15:48
252,Buala,-8.145,159.5921,82.71,72,21,5.08,SB,2021-06-16 22:15:48
253,Shelburne,44.0787,-80.2041,62.29,35,88,12.37,CA,2021-06-16 22:15:48
254,Luena,-11.7833,19.9167,52.43,41,2,3.49,AO,2021-06-16 22:15:49
255,Lagdo,9.05,13.7333,77.09,71,33,4.72,CM,2021-06-16 22:15:49
256,Hobart,-42.8794,147.3294,50.16,95,75,1.99,AU,2021-06-16 22:15:25
257,Clarence Town,-32.5833,151.7833,52.77,76,1,11.81,AU,2021-06-16 22:15:50
258,Cidreira,-30.1811,-50.2056,55.0,67,95,8.93,BR,2021-06-16 22:15:50
259,Coahuayana Viejo,18.7333,-103.6833,94.48,66,94,7.58,MX,2021-06-16 22:15:51
260,Paso de Carrasco,-34.8603,-56.0522,48.34,71,75,10.36,UY,2021-06-16 22:15:51
261,Esim,4.8699,-2.2405,76.62,89,100,10.33,GH,2021-06-16 22:15:52
262,Ontario,34.0633,-117.6509,92.59,37,75,8.01,US,2021-06-16 22:15:05
263,Seremban,2.7297,101.9381,76.5,91,57,2.06,MY,2021-06-16 22:15:52
264,Riyadh,24.6877,46.7219,89.65,11,0,4.61,SA,2021-06-16 22:11:58
265,George,-33.963,22.4617,53.15,94,0,4.61,ZA,2021-06-16 22:15:53
266,Ha Giang,22.8333,104.9833,79.77,93,72,1.83,VN,2021-06-16 22:15:54
267,Funtua,11.5233,7.3081,73.33,65,100,9.53,NG,2021-06-16 22:15:54
268,Jaisalmer,26.9147,70.9181,85.03,67,79,13.22,IN,2021-06-16 22:15:54
269,Nacala,-14.5428,40.6728,69.8,85,21,6.13,MZ,2021-06-16 22:15:55
271,Motomachi,43.8228,144.1044,62.38,84,17,2.51,JP,2021-06-16 22:15:56
272,Dayong,25.0209,118.2898,83.88,92,8,1.28,CN,2021-06-16 22:15:56
273,Zhengjiatun,43.5064,123.5064,64.04,93,100,16.37,CN,2021-06-16 22:15:56
274,Beyneu,45.3167,55.2,84.16,20,0,12.19,KZ,2021-06-16 22:15:57
275,Forbes,-33.3833,148.0167,40.78,90,23,6.58,AU,2021-06-16 22:15:57
276,Gushikawa,26.3544,127.8686,81.48,91,40,10.36,JP,2021-06-16 22:15:58
277,Mananjary,-21.2167,48.3333,68.36,73,94,2.66,MG,2021-06-16 22:15:58
278,Kimberley,-28.7323,24.7623,51.49,46,100,5.75,ZA,2021-06-16 22:15:58
279,Banfora,10.6333,-4.7667,78.08,72,72,3.78,BF,2021-06-16 22:15:59
280,Namatanai,-3.6667,152.4333,81.54,70,76,4.63,PG,2021-06-16 22:15:59
281,Palu,-0.8917,119.8707,74.32,95,95,3.38,ID,2021-06-16 22:15:59
282,AmapÃ¡,1.0,-52.0,73.17,97,7,2.68,BR,2021-06-16 22:16:00
283,Port Blair,11.6667,92.75,82.53,80,100,16.13,IN,2021-06-16 22:16:00
284,Tigzirt,36.8886,4.1198,76.03,63,66,2.95,DZ,2021-06-16 22:16:01
285,Upata,8.0086,-62.3989,74.37,89,96,3.4,VE,2021-06-16 22:16:01
286,ArdakÄn,32.31,54.0175,88.18,13,0,1.77,IR,2021-06-16 22:16:01
288,Utete,-7.986000000000001,38.758,65.05,92,17,1.28,TZ,2021-06-16 22:16:02
289,Ol'ga,43.7444,135.2892,58.59,86,25,1.86,RU,2021-06-16 22:16:03
290,North Bend,43.4065,-124.2243,67.28,67,1,20.71,US,2021-06-16 22:11:28
291,Mount Isa,-20.7333,139.5,58.77,38,54,5.75,AU,2021-06-16 22:11:57
292,AllÄpalli,19.4167,80.0667,77.36,89,100,3.24,IN,2021-06-16 22:16:03
293,Ewo,-0.8725,14.8206,75.83,70,60,3.98,CG,2021-06-16 22:16:04
294,Mitsamiouli,-11.3847,43.2844,77.31,75,4,4.81,KM,2021-06-16 22:16:04
295,Ocampo,21.65,-101.5,70.29,32,79,18.28,MX,2021-06-16 22:16:05
296,Brus Laguna,15.75,-84.4833,83.93,77,99,7.09,HN,2021-06-16 22:16:05
297,Alice Springs,-23.7,133.8833,44.15,53,84,5.75,AU,2021-06-16 22:16:06
298,Vila,42.0304,-8.1588,56.57,90,99,0.94,PT,2021-06-16 22:16:06
299,Alghero,40.5589,8.3181,71.69,94,0,2.3,IT,2021-06-16 22:16:06
300,Palenque/Temp,17.5167,-91.9667,82.56,83,90,0.0,MX,2021-06-16 22:16:07
301,San Luis,-33.295,-66.3356,36.12,92,100,2.37,AR,2021-06-16 22:14:42
302,Porbandar,21.6422,69.6093,84.49,79,93,15.64,IN,2021-06-16 22:16:07
303,Nongstoin,25.5167,91.2667,64.94,97,99,4.7,IN,2021-06-16 22:16:08
304,Felanitx,39.4696,3.1483,74.91,85,86,8.93,ES,2021-06-16 22:16:08
305,Gorontalo,0.5412,123.0595,73.65,92,45,2.08,ID,2021-06-16 22:16:09
306,Port Shepstone,-30.7414,30.455,69.62,69,85,13.24,ZA,2021-06-16 22:16:09
307,Trelew,-43.248999999999995,-65.3051,42.01,44,72,7.74,AR,2021-06-16 22:12:11
308,Irituia,-1.7711,-47.4381,79.92,76,60,4.85,BR,2021-06-16 22:16:10
309,Praia,14.9215,-23.5087,75.74,73,0,11.5,CV,2021-06-16 22:16:11
310,Awjilah,29.1081,21.2869,79.61,31,0,10.71,LY,2021-06-16 22:16:11
311,Kinablangan,7.6947,126.5503,78.39,79,77,3.2,PH,2021-06-16 22:16:11
312,Pandan,14.0453,124.1694,81.21,83,11,6.78,PH,2021-06-16 22:16:12
313,Ribeira Grande,38.5167,-28.7,69.21,93,100,17.31,PT,2021-06-16 22:16:12
314,Xai-Xai,-25.0519,33.6442,63.99,84,9,10.11,MZ,2021-06-16 22:16:13
315,Goderich,43.7501,-81.7165,61.05,44,40,9.22,CA,2021-06-16 22:16:13
316,Paragominas,-2.9667,-47.4833,79.93,70,90,4.25,BR,2021-06-16 22:16:14
317,Dolisie,-4.1997,12.6739,68.99,95,20,3.83,CG,2021-06-16 22:16:14
318,Carutapera,-1.195,-46.02,77.25,85,3,5.99,BR,2021-06-16 22:16:14
319,Virginia Beach,36.8529,-75.97800000000001,79.11,57,20,12.66,US,2021-06-16 22:12:28
320,Santiago de Cuba,20.0247,-75.8219,86.11,74,40,6.91,CU,2021-06-16 22:16:15
321,Saint-Pierre,-21.3393,55.4781,68.45,82,40,17.27,RE,2021-06-16 22:16:15
322,Ramnagar,29.4,79.1167,77.88,77,92,1.9,IN,2021-06-16 22:16:16
323,Kudahuvadhoo,2.6708,72.8944,83.61,73,67,10.49,MV,2021-06-16 22:16:16
324,Along,28.1667,94.7667,74.48,99,87,0.45,IN,2021-06-16 22:16:17
325,Paita,-5.0892,-81.1144,73.96,79,38,17.76,PE,2021-06-16 22:16:17
326,Durant,33.994,-96.3708,96.73,30,1,5.75,US,2021-06-16 22:12:11
327,Mabaruma,8.2,-59.7833,75.87,96,99,4.21,GY,2021-06-16 22:16:18
328,Atambua,-9.1061,124.8925,67.6,86,21,5.55,ID,2021-06-16 22:16:18
329,Los Llanos de Aridane,28.6585,-17.9182,66.13,90,40,18.41,ES,2021-06-16 22:16:19
331,Bandarbeyla,9.4942,50.8122,77.83,79,100,29.35,SO,2021-06-16 22:16:19
332,Puerto NariÃ±o,-3.7703,-70.3831,76.95,94,29,2.19,CO,2021-06-16 22:16:20
333,Antofagasta,-23.65,-70.4,60.08,75,0,5.46,CL,2021-06-16 22:16:20
334,Constantine,36.365,6.6147,76.41,41,0,5.75,DZ,2021-06-16 22:16:21
335,Waipawa,-41.4122,175.5153,50.27,83,69,4.52,NZ,2021-06-16 22:16:21
336,RÄjÄpur,25.3833,81.15,84.99,68,100,5.82,IN,2021-06-16 22:16:21
337,Saint-Joseph,-21.3667,55.6167,67.35,81,44,13.02,RE,2021-06-16 22:16:22
338,Bandar,2.05,99.75,74.19,85,99,2.19,ID,2021-06-16 22:16:22
339,CustÃ³dia,-8.0875,-37.6431,73.2,69,35,12.35,BR,2021-06-16 22:16:23
340,Mahibadhoo,3.7833,72.9667,83.19,76,40,12.97,MV,2021-06-16 22:16:23
341,Moerai,-22.4333,-151.3333,75.24,79,15,24.32,PF,2021-06-16 22:16:23
342,West Bay,19.3667,-81.4167,85.33,75,20,7.0,KY,2021-06-16 22:16:24
343,Fortuna,40.5982,-124.1573,67.26,68,20,4.0,US,2021-06-16 22:11:48
344,Thabazimbi,-24.5917,27.4116,55.17,39,7,2.82,ZA,2021-06-16 22:16:25
345,Avera,33.194,-82.5271,85.57,48,86,7.99,US,2021-06-16 22:16:25
346,Taoudenni,22.6783,-3.9836,103.68,7,20,8.99,ML,2021-06-16 22:16:26
347,Ishigaki,24.3448,124.1572,80.73,100,75,2.3,JP,2021-06-16 22:16:26
348,Chabahar,25.2919,60.643,85.95,86,0,5.97,IR,2021-06-16 22:16:26
349,Leh,34.1667,77.5833,45.52,79,85,3.11,IN,2021-06-16 22:16:27
350,Jalu,29.0331,21.5482,81.37,27,0,9.37,LY,2021-06-16 22:16:27
351,Camopi,3.1655,-52.3158,73.71,99,100,2.3,GF,2021-06-16 22:16:28
352,San Buenaventura,27.0833,-101.5333,90.52,45,75,6.91,MX,2021-06-16 22:16:28
353,Genoa,44.4129,8.9573,72.16,84,0,5.99,IT,2021-06-16 22:16:28
354,Cabinda,-5.55,12.2,74.89,88,11,7.61,AO,2021-06-16 22:16:29
355,Tunggol,5.8446,121.1544,81.3,80,93,5.75,PH,2021-06-16 22:16:29
356,Nisibis,37.0778,41.2178,71.28,49,0,11.07,TR,2021-06-16 22:16:30
357,DehlorÄn,32.6941,47.2679,92.14,13,0,7.76,IR,2021-06-16 22:16:30
358,Flinders,-34.5833,150.8552,53.85,67,8,7.0,AU,2021-06-16 22:16:30
359,Midland,31.9974,-102.0779,96.42,17,1,13.8,US,2021-06-16 22:15:00
360,Lethem,3.3803,-59.7968,78.04,86,85,1.41,GY,2021-06-16 22:16:31
361,Abu Samrah,35.3029,37.1841,65.44,73,0,11.14,SY,2021-06-16 22:16:31
362,Shimoda,34.6667,138.95,66.11,83,100,13.04,JP,2021-06-16 22:16:32
363,Djebeniana,35.035,10.9081,76.8,74,1,14.81,TN,2021-06-16 22:16:32
364,Quatre Cocos,-20.2078,57.7625,69.1,80,75,15.12,MU,2021-06-16 22:16:32
365,ParanÃ¡,-31.732,-60.5238,45.05,84,98,7.16,AR,2021-06-16 22:16:33
366,Caldwell,43.6629,-116.6874,78.93,22,1,4.61,US,2021-06-16 22:16:33
367,Fort-Shevchenko,44.5086,50.263000000000005,83.14,44,0,15.39,KZ,2021-06-16 22:16:34
368,MitÃº,1.1983,-70.1733,74.86,96,99,1.72,CO,2021-06-16 22:16:34
369,Ixtapa,20.7,-105.2,87.03,70,90,6.91,MX,2021-06-16 22:16:34
370,VerÄval,20.9,70.3667,84.36,81,91,15.93,IN,2021-06-16 22:16:35
371,Eilat,29.5581,34.9482,80.44,36,0,16.11,IL,2021-06-16 22:16:35
372,Gazojak,41.1875,61.4036,82.04,16,1,11.41,TM,2021-06-16 22:16:36
373,Tsiroanomandidy,-18.7667,46.0333,57.65,79,0,1.79,MG,2021-06-16 22:16:36
374,NajrÄn,17.4924,44.1277,79.45,35,69,4.34,SA,2021-06-16 22:16:37
375,Banyumas,-7.5142,109.2942,74.08,95,100,1.66,ID,2021-06-16 22:16:37
376,Malanje,-9.5402,16.340999999999998,61.11,43,3,2.62,AO,2021-06-16 22:16:37
377,Champerico,14.3,-91.9167,85.1,77,100,10.36,GT,2021-06-16 22:16:38
378,Volos,39.3667,22.9458,69.4,55,12,2.53,GR,2021-06-16 22:16:38
379,PotosÃ­,-19.5836,-65.7531,43.41,22,67,8.5,BO,2021-06-16 22:14:50
380,Diffa,13.3154,12.6113,88.56,38,61,8.75,NE,2021-06-16 22:13:17
381,JoshÄ«math,30.5667,79.5667,66.2,82,92,1.81,IN,2021-06-16 22:16:39
382,Nau,40.1525,69.3686,72.19,29,0,4.76,TJ,2021-06-16 22:16:40
383,Mossamedes,-15.1961,12.1522,66.42,71,19,6.73,AO,2021-06-16 22:16:40
384,Hisor,38.525,68.5512,64.15,29,0,3.51,TJ,2021-06-16 22:16:40
385,Bull Savanna,17.8868,-77.5902,81.95,71,50,17.25,JM,2021-06-16 22:16:41
386,Naberera,-4.2,36.9333,55.06,91,62,7.2,TZ,2021-06-16 22:16:41
387,LeÃ§a da Palmeira,41.191,-8.7003,67.44,81,75,3.44,PT,2021-06-16 22:16:42
388,Kaohsiung City,22.6163,120.3133,80.51,84,75,4.61,TW,2021-06-16 22:16:42
389,Palora,-1.7,-77.9333,71.71,96,97,2.53,EC,2021-06-16 22:16:42
390,Kabinda,-6.1333,24.4833,67.39,31,7,3.56,CD,2021-06-16 22:16:43
391,Belmonte,-15.8631,-38.8828,75.7,74,42,7.34,BR,2021-06-16 22:16:43
392,Miandrivazo,-19.5167,45.4667,70.38,54,1,2.8,MG,2021-06-16 22:16:44
393,Phan Thiet,10.9333,108.1,77.43,86,80,7.83,VN,2021-06-16 22:15:54
394,San JerÃ³nimo,-11.9472,-75.2829,56.8,58,91,7.25,PE,2021-06-16 22:16:44
395,BangangtÃ©,5.1409,10.5198,61.72,98,99,4.85,CM,2021-06-16 22:16:44
396,Half Moon Bay,37.4636,-122.4286,88.25,35,40,9.22,US,2021-06-16 22:16:45
397,TutÃ³ia,-2.7619,-42.2744,77.16,88,5,6.31,BR,2021-06-16 22:16:45
398,Lindi,-10.0,39.7167,64.65,96,3,4.68,TZ,2021-06-16 22:16:46
399,Atoka,34.4001,-96.0169,93.43,52,0,4.29,US,2021-06-16 22:16:46
400,Santa Cruz CabrÃ¡lia,-16.2781,-39.0247,75.43,69,20,5.75,BR,2021-06-16 22:11:47
401,Tianpeng,30.9866,103.9393,71.64,94,100,3.09,CN,2021-06-16 22:16:47
402,Bodden Town,19.2833,-81.25,85.73,55,20,7.0,KY,2021-06-16 22:16:47
403,De Aar,-30.6497,24.0123,49.78,55,79,4.16,ZA,2021-06-16 22:16:48
404,Dargaville,-35.9333,173.8833,59.92,76,6,8.77,NZ,2021-06-16 22:16:48
405,Phrae,18.0833,100.0,71.55,92,100,2.46,TH,2021-06-16 22:16:49
406,WaspÃ¡n,14.7419,-83.9717,80.28,63,72,7.54,NI,2021-06-16 22:16:49
407,Diamantino,-14.4086,-56.4461,77.45,47,66,2.93,BR,2021-06-16 22:13:14
408,MÄdhogarh,26.276,79.1869,85.55,62,100,3.31,IN,2021-06-16 22:16:50
409,BÄrmer,25.75,71.3833,86.29,65,27,13.44,IN,2021-06-16 22:16:50
410,Jiujiang,29.7333,115.9833,81.99,84,97,4.07,CN,2021-06-16 22:16:50
411,Dekar,-21.5333,21.9333,54.37,30,1,4.18,BW,2021-06-16 22:16:51
412,Nelson Bay,-32.7167,152.15,52.63,79,1,1.99,AU,2021-06-16 22:16:51
413,Nicoya,10.1483,-85.45200000000001,76.55,87,100,2.86,CR,2021-06-16 22:16:52
414,Cape Town,-33.9258,18.4232,59.14,88,16,3.0,ZA,2021-06-16 22:12:18
415,Liberty,31.8335,-81.5004,88.88,33,75,8.05,US,2021-06-16 22:16:52
416,Kota Belud,6.351,116.4305,76.86,84,73,4.18,MY,2021-06-16 22:16:53
417,Syracuse,37.0881,15.2792,69.8,66,3,7.81,IT,2021-06-16 22:16:53
418,South Lake Tahoe,38.9332,-119.9844,83.52,15,20,5.75,US,2021-06-16 22:16:53
419,Khanbari,27.3747,87.2039,72.91,91,82,2.06,NP,2021-06-16 22:16:54
420,Cam Ranh,11.9214,109.1591,78.76,83,20,3.44,VN,2021-06-16 22:16:54
421,Al BardÄ«yah,31.7561,25.0865,70.23,63,0,8.03,LY,2021-06-16 22:16:55
422,Mahajanga,-15.7167,46.3167,71.62,68,20,8.05,MG,2021-06-16 22:16:55
423,ZanjÄn,36.6736,48.4787,70.25,47,0,6.93,IR,2021-06-16 22:16:55
424,AiligandÃ­,9.2333,-78.0167,82.92,72,98,4.5,PA,2021-06-16 22:16:56
425,Jardim,-21.4803,-56.1381,66.78,57,87,3.85,BR,2021-06-16 22:16:56
426,Paro,27.4305,89.4133,62.92,94,91,0.96,BT,2021-06-16 22:16:57
427,Mangan,27.5167,88.5333,74.57,85,74,1.92,IN,2021-06-16 22:16:57
428,Madang,-5.2246,145.7966,75.04,95,100,2.86,PG,2021-06-16 22:16:57
429,Nioro,13.35,-15.75,83.68,60,100,11.7,GM,2021-06-16 22:16:58
430,Ridgecrest,35.6225,-117.6709,114.62,5,75,7.0,US,2021-06-16 22:13:11
431,Viedma,-40.8135,-62.9967,45.36,50,100,5.03,AR,2021-06-16 22:16:58
432,Ginda,30.6945,78.4932,63.43,75,91,3.76,IN,2021-06-16 22:16:59
433,Kavaratti,10.5669,72.642,83.05,80,98,24.18,IN,2021-06-16 22:16:59
434,Phang Nga,8.4509,98.5298,78.84,94,96,1.05,TH,2021-06-16 22:17:00
435,ConceiÃ§Ã£o da Barra,-18.5933,-39.7322,68.97,77,42,5.57,BR,2021-06-16 22:17:00
436,Uyovu,-3.2833,31.5258,69.22,50,96,0.92,TZ,2021-06-16 22:17:00
437,Mvuma,-19.2792,30.5283,50.04,51,27,5.66,ZW,2021-06-16 22:17:01
438,Siyabuswa,-25.1132,29.0445,54.14,38,2,3.2,ZA,2021-06-16 22:17:01
439,CaucayÃ¡,-0.1934,-74.7819,74.82,96,87,2.84,CO,2021-06-16 22:17:02
440,Muswellbrook,-32.2667,150.9,47.53,87,0,8.81,AU,2021-06-16 22:17:02
441,Åtefan cel Mare,46.9833,26.5167,61.75,35,59,8.75,RO,2021-06-16 22:17:02
442,KÃ©dougou,12.5579,-12.1743,85.28,58,46,4.68,SN,2021-06-16 22:17:03
443,Nouadhibou,20.930999999999997,-17.0347,69.78,73,0,17.27,MR,2021-06-16 22:17:03
444,Cockburn Town,21.4612,-71.1419,81.16,81,28,18.39,TC,2021-06-16 22:17:04
445,Monrovia,6.3005,-10.7969,76.77,78,81,7.54,LR,2021-06-16 22:17:04
446,Halifax,44.6453,-63.5724,67.73,76,20,6.91,CA,2021-06-16 22:15:09
447,Barcelos,41.5388,-8.6151,67.46,95,97,2.73,PT,2021-06-16 22:14:20
448,EirunepÃ©,-6.6603,-69.8736,77.22,84,56,0.58,BR,2021-06-16 22:17:05
449,Susanville,40.4163,-120.65299999999999,82.76,12,1,4.0,US,2021-06-16 22:17:05
450,Phek,25.6667,94.5,59.18,99,100,2.82,IN,2021-06-16 22:17:06
451,Lakes Entrance,-37.8811,147.981,42.19,88,78,9.28,AU,2021-06-16 22:17:06
452,Santa Maria,-29.6842,-53.8069,46.15,75,47,4.47,BR,2021-06-16 22:17:07
453,Nobres,-14.7203,-56.3275,78.66,42,48,3.65,BR,2021-06-16 22:17:07
454,Ribeira Brava,32.65,-17.0667,69.26,78,89,3.89,PT,2021-06-16 22:17:07
455,Djibouti,11.5,42.5,89.02,35,80,1.3,DJ,2021-06-16 22:17:08
456,KattivÄkkam,13.2167,80.3167,87.08,67,100,16.58,IN,2021-06-16 22:17:08
457,Kathu,7.9178,98.3332,86.65,73,100,6.44,TH,2021-06-16 22:17:08
458,Oranjestad,12.524000000000001,-70.027,83.91,77,20,11.01,AW,2021-06-16 22:12:32
459,Cotonou,6.3654,2.4183,82.38,78,20,13.8,BJ,2021-06-16 22:17:09
460,FayaouÃ©,-20.65,166.5333,75.09,82,74,12.57,NC,2021-06-16 22:17:10
461,Labuan,5.2767,115.2417,75.56,94,40,0.0,MY,2021-06-16 22:17:10
462,CopiapÃ³,-27.3667,-70.3333,56.89,52,2,4.54,CL,2021-06-16 22:17:10
463,ShingÅ«,33.7333,135.9833,67.91,92,93,8.39,JP,2021-06-16 22:17:11
464,Eshowe,-28.8865,31.4699,59.7,43,50,5.32,ZA,2021-06-16 22:17:11
465,Äsind,25.7333,74.3333,85.91,46,76,6.76,IN,2021-06-16 22:17:12
466,Kamaishi,39.2667,141.8833,63.34,95,100,5.44,JP,2021-06-16 22:17:12
467,Prestea,5.4327,-2.1428,73.78,96,100,6.35,GH,2021-06-16 22:17:12
468,Catemaco,18.4167,-95.1167,74.95,73,86,10.56,MX,2021-06-16 22:17:13
469,Mana,5.6592,-53.7767,78.3,87,98,9.26,GF,2021-06-16 22:17:13
470,Sokoni,-6.4333,39.55,76.64,71,42,13.2,TZ,2021-06-16 22:17:14
471,Monywa,22.1167,95.1333,79.7,78,95,13.18,MM,2021-06-16 22:17:14
472,Burnie,-41.0667,145.9167,49.75,87,99,3.94,AU,2021-06-16 22:17:14
473,Kermanshah,34.3142,47.065,72.5,16,0,0.0,IR,2021-06-16 22:17:15
474,Marawi,7.9986,124.2928,65.64,93,63,2.39,PH,2021-06-16 22:17:15
475,Balagunan,7.4922,125.5211,75.96,91,42,2.64,PH,2021-06-16 22:17:16
476,GÃ¶rele,41.0308,39.0031,67.44,93,78,9.62,TR,2021-06-16 22:17:16
477,Progreso,21.2833,-89.6667,80.71,92,100,9.98,MX,2021-06-16 22:17:16
478,Somotillo,13.0433,-86.9064,82.54,82,88,3.13,NI,2021-06-16 22:17:17
479,Maragogi,-9.0122,-35.2225,74.93,90,27,7.92,BR,2021-06-16 22:17:17
480,Nikolskoye,59.7035,30.7861,54.77,67,96,4.36,RU,2021-06-16 22:17:18
481,Farafangana,-22.8167,47.8333,67.33,71,47,3.27,MG,2021-06-16 22:17:18
482,Bara,10.3744,10.7288,75.2,74,80,5.23,NG,2021-06-16 22:17:18
483,Shemgang,27.2169,90.6579,61.79,99,99,2.64,BT,2021-06-16 22:17:19
484,Nanzhou,29.3596,112.4024,79.27,87,90,4.32,CN,2021-06-16 22:17:19
485,Sinnamary,5.3833,-52.95,78.21,88,100,9.57,GF,2021-06-16 22:17:20
486,Pascagoula,30.3658,-88.5561,90.07,55,75,4.61,US,2021-06-16 22:17:20
487,MaraÃ£,-1.8333,-65.3667,75.56,91,70,1.95,BR,2021-06-16 22:17:21
488,Chu,43.5983,73.7614,68.23,28,100,5.3,KZ,2021-06-16 22:17:21
489,AcarÃ¡,-1.9608,-48.1967,78.1,82,64,2.42,BR,2021-06-16 22:17:21
490,Pemba,-12.974,40.5178,73.33,85,43,11.27,MZ,2021-06-16 22:17:22
491,Bredasdorp,-34.5322,20.0403,52.92,87,3,3.44,ZA,2021-06-16 22:17:22
492,Kribi,2.95,9.9167,77.4,87,100,10.33,CM,2021-06-16 22:17:23
493,Labuhan,-6.8844,112.2051,77.05,85,86,5.99,ID,2021-06-16 22:17:23
494,Marzuq,14.4,46.4667,82.08,28,99,3.24,YE,2021-06-16 22:17:24
495,Lashio,22.9333,97.75,67.86,98,90,0.4,MM,2021-06-16 22:17:24
496,Naples,40.8333,14.25,70.09,79,0,2.3,IT,2021-06-16 22:14:32
497,AlcalÃ¡ la Real,37.4614,-3.923,59.74,86,100,1.01,ES,2021-06-16 22:17:25
498,Linfen,36.0889,111.5189,68.58,73,95,6.38,CN,2021-06-16 22:17:25
499,The Valley,18.217,-63.0578,82.54,78,40,14.97,AI,2021-06-16 22:17:25
500,Banamba,13.55,-7.45,81.43,52,100,11.99,ML,2021-06-16 22:17:26
501,Russell,32.3502,-85.1999,86.49,41,1,6.91,US,2021-06-16 22:15:05
502,St. George's,12.0564,-61.7485,78.48,94,75,12.66,GD,2021-06-16 22:17:26
503,Whitianga,-36.8333,175.7,59.02,81,11,8.39,NZ,2021-06-16 22:17:27
504,Faya,18.3851,42.4509,66.72,33,24,0.49,SA,2021-06-16 22:17:27
505,PedasÃ­,7.5333,-80.0333,78.44,77,86,5.44,PA,2021-06-16 22:17:28
506,Tevaitoa,-16.7833,-151.5,81.07,75,100,22.86,PF,2021-06-16 22:17:28
507,Sola,-13.8833,167.55,81.19,78,34,12.17,VU,2021-06-16 22:17:28
508,Jambi City,-1.6,103.6167,72.84,95,56,2.66,ID,2021-06-16 22:17:29
509,Paoua,7.2427,16.4406,68.22,94,69,0.96,CF,2021-06-16 22:17:29
510,Daru,-9.0763,143.2092,79.29,86,100,9.06,PG,2021-06-16 22:17:30
511,Dixon,38.4455,-121.8233,97.72,18,1,6.91,US,2021-06-16 22:17:30
512,Necochea,-38.5473,-58.7368,43.03,60,100,7.4,AR,2021-06-16 22:17:31
514,NdjolÃ©,-0.1783,10.7649,74.32,96,92,4.12,GA,2021-06-16 22:17:31
515,Pa Sang,18.5262,98.9394,76.91,64,99,0.69,TH,2021-06-16 22:17:32
516,Lata,40.1629,-8.3327,63.21,94,37,0.81,PT,2021-06-16 22:17:32
517,Santa Isabel Rio Negro,-0.4139,-65.0192,74.23,94,97,1.7,BR,2021-06-16 22:17:32
518,ShÄ«eli,44.1667,66.75,77.04,19,0,7.74,KZ,2021-06-16 22:17:33
519,Laguna,38.421,-121.4238,97.75,11,1,3.0,US,2021-06-16 22:17:33
520,Nieuwpoort,51.1244,2.7735,72.64,71,75,3.44,BE,2021-06-16 22:17:34
521,NgaoundÃ©rÃ©,7.3167,13.5833,63.28,96,75,4.63,CM,2021-06-16 22:17:34
522,Kloulklubed,7.0419,134.2556,75.7,75,99,4.54,PW,2021-06-16 22:17:34
523,Puerto Rico,-26.796,-55.023999999999994,56.25,75,88,4.54,AR,2021-06-16 22:14:35
524,Palmas,-10.2128,-48.3603,82.27,69,0,2.3,BR,2021-06-16 22:17:35
525,Port Hedland,-20.3167,118.5667,59.05,72,100,9.22,AU,2021-06-16 22:17:35
526,Provideniya,64.3833,-173.3,42.91,75,90,8.95,RU,2021-06-16 22:17:36
527,Islamkot,24.6997,70.17699999999999,84.58,74,1,12.55,PK,2021-06-16 22:17:36
528,Deneysville,-26.8908,28.0971,49.96,38,40,5.91,ZA,2021-06-16 22:17:37
529,Port Macquarie,-31.4333,152.9167,47.37,80,0,4.79,AU,2021-06-16 22:17:37
530,Agadez,19.75,10.25,87.89,11,0,11.45,NE,2021-06-16 22:17:38
531,Scottsboro,34.6723,-86.0341,82.98,42,1,8.05,US,2021-06-16 22:17:38
532,Ipueiras,-7.0333,-40.45,81.05,37,80,6.82,BR,2021-06-16 22:17:39
533,Kisangani,0.5167,25.2,72.21,88,100,2.73,CD,2021-06-16 22:17:39
534,Obo,5.3998,26.4869,69.04,98,100,4.27,CF,2021-06-16 22:17:39
535,Lagoa,39.05,-27.9833,63.54,91,100,26.28,PT,2021-06-16 22:17:40
536,Sedona,34.8697,-111.76100000000001,103.33,9,1,3.0,US,2021-06-16 22:15:52
537,Scottsbluff,41.8666,-103.6672,97.68,23,1,8.99,US,2021-06-16 22:17:40
538,Trairi,-3.2778,-39.2689,79.11,77,4,8.75,BR,2021-06-16 22:15:06
539,Gua Musang,4.8823,101.9644,72.84,95,90,1.03,MY,2021-06-16 22:17:41
540,Nishihara,26.1842,127.7558,81.1,94,75,9.22,JP,2021-06-16 22:17:42
541,Am Timan,11.0297,20.2827,80.49,59,83,5.77,TD,2021-06-16 22:17:42
542,OriximinÃ¡,-1.7656,-55.8661,76.69,83,93,3.8,BR,2021-06-16 22:17:43
543,Mashhad,36.297,59.6062,69.94,30,0,4.61,IR,2021-06-16 22:17:43
544,Nemuro,43.3236,145.575,48.49,92,99,8.88,JP,2021-06-16 22:17:43
545,Kentau,43.5206,68.5094,72.0,22,0,9.86,KZ,2021-06-16 22:17:44
546,Portland,45.5234,-122.6762,76.73,39,20,1.99,US,2021-06-16 22:15:04
547,New Philadelphia,40.4898,-81.4457,71.4,30,1,8.05,US,2021-06-16 22:14:02
548,Niono,14.2526,-5.992999999999999,85.39,49,4,15.23,ML,2021-06-16 22:17:44
549,Maba,24.6841,113.5984,77.18,93,81,3.2,CN,2021-06-16 22:17:45
550,Matara,5.9485,80.5353,78.57,87,100,10.54,LK,2021-06-16 22:17:45
551,Sambava,-14.2667,50.1667,69.89,81,25,13.09,MG,2021-06-16 22:17:46
552,Truth or Consequences,33.1284,-107.2528,100.08,12,1,11.5,US,2021-06-16 22:17:46
553,Atchison,39.563,-95.1216,92.25,51,5,9.06,US,2021-06-16 22:17:47
554,SÃ©mbÃ©,1.6481,14.5806,70.72,97,80,2.57,CG,2021-06-16 22:17:47
555,Tingo MarÃ­a,-9.2895,-76.0088,76.44,76,98,1.03,PE,2021-06-16 22:17:47
556,Mendi,-6.1761,143.6513,56.95,91,89,1.68,PG,2021-06-16 22:17:48
557,Caconda,-13.7333,15.0667,53.96,38,19,2.75,AO,2021-06-16 22:17:48
558,Ugoofaaru,5.6667,73.0,82.71,77,69,14.25,MV,2021-06-16 22:17:49
559,Poum,-20.2333,164.0167,74.14,81,76,4.7,NC,2021-06-16 22:17:49
560,Tondano,1.3038,124.9112,66.29,93,32,2.17,ID,2021-06-16 22:17:50
561,Hatton,6.8916,80.5955,61.03,95,100,2.39,LK,2021-06-16 22:17:21
562,Charters Towers,-20.1,146.2667,68.34,80,24,3.29,AU,2021-06-16 22:17:50
563,QuirinÃ³polis,-18.4483,-50.4517,68.99,35,44,3.83,BR,2021-06-16 22:17:51
564,Philadelphia,39.9523,-75.1638,76.84,32,20,3.0,US,2021-06-16 22:14:41
565,Itoman,26.1247,127.6694,82.24,94,75,8.05,JP,2021-06-16 22:17:51
566,Alenquer,-1.9417,-54.7383,80.94,86,44,4.12,BR,2021-06-16 22:17:52
567,Camocim,-2.9022,-40.8411,78.31,85,57,10.18,BR,2021-06-16 22:17:52
568,Ouadda,8.0777,22.4007,67.03,98,100,7.58,CF,2021-06-16 22:17:52
569,Degollado,20.467,-102.1498,83.95,20,96,12.91,MX,2021-06-16 22:17:53
570,Barstow,34.8986,-117.0228,111.58,6,77,2.46,US,2021-06-16 22:17:53
571,Harbatpur,30.45,77.7333,74.95,77,20,4.72,IN,2021-06-16 22:17:53
572,San QuintÃ­n,30.4833,-115.95,73.49,63,35,8.99,MX,2021-06-16 22:17:54
573,Mount Gambier,-37.8333,140.7667,46.31,100,100,4.61,AU,2021-06-16 22:17:54
574,Manono,-7.3,27.4167,68.79,36,15,3.51,CD,2021-06-16 22:17:55
575,Pasni,25.2631,63.471000000000004,84.94,79,0,4.43,PK,2021-06-16 22:17:55
576,Merauke,-8.4667,140.3333,76.5,89,96,10.02,ID,2021-06-16 22:17:55
577,Lisala,2.15,21.5167,69.78,92,96,2.46,CD,2021-06-16 22:17:56
578,Faxinal,-24.0003,-51.3194,53.83,85,20,1.88,BR,2021-06-16 22:17:56
579,RyÅtsu-minato,38.0833,138.4333,69.76,82,7,2.37,JP,2021-06-16 22:17:57
580,Ranipur,27.2879,68.5051,89.65,53,11,14.85,PK,2021-06-16 22:17:57
581,MÄga,4.05,38.3,61.2,63,95,9.31,ET,2021-06-16 22:17:58
582,Madingou,-4.1536,13.55,72.25,88,23,3.47,CG,2021-06-16 22:17:58
583,Äreka,7.0667,37.7,60.37,87,100,2.3,ET,2021-06-16 22:17:58
584,Menomonie,44.8755,-91.9193,82.76,62,0,9.26,US,2021-06-16 22:17:59
585,Oistins,13.0667,-59.5333,80.69,69,20,14.97,BB,2021-06-16 22:14:12
586,SantoÃ±a,43.4439,-3.4576,65.25,95,64,7.27,ES,2021-06-16 22:17:59
587,Chui,-33.6971,-53.4616,49.71,78,100,9.46,UY,2021-06-16 22:18:00
588,Province of Trapani,37.8333,12.6667,68.94,86,0,6.96,IT,2021-06-16 22:14:36
589,Hala,25.8131,68.4227,84.18,65,0,17.34,PK,2021-06-16 22:18:01
590,Tari,12.4086,4.4914,81.25,63,59,18.12,NG,2021-06-16 22:18:01
591,Boyolangu,-8.1181,111.8935,75.09,92,100,2.33,ID,2021-06-16 22:18:01
592,Puerto Escondido,15.85,-97.0667,80.02,84,100,12.53,MX,2021-06-16 22:18:02
593,Gangarampur,25.4,88.5167,79.3,89,100,11.72,IN,2021-06-16 22:18:02
594,Rapid Valley,44.0625,-103.1463,88.07,24,1,1.01,US,2021-06-16 22:15:53
595,Mae Sai,20.4335,99.8762,74.52,99,99,0.49,TH,2021-06-16 22:18:03
596,Syriam,16.7722,96.2378,75.31,100,90,3.44,MM,2021-06-16 22:18:04
597,Kushima,31.4583,131.2333,71.64,90,100,8.52,JP,2021-06-16 22:18:04
598,LeÃ³n,21.1167,-101.6667,80.65,23,90,19.42,MX,2021-06-16 22:18:05
599,Ginir,7.1333,40.7,57.45,80,100,5.28,ET,2021-06-16 22:18:05
600,Port Hueneme,34.1478,-119.1951,79.34,65,1,10.36,US,2021-06-16 22:17:27
601,Tezpur,26.6333,92.8,76.64,96,92,4.94,IN,2021-06-16 22:18:06
602,Zambezi,-13.5432,23.1047,53.49,45,6,3.58,ZM,2021-06-16 22:18:06
603,Lobatse,-25.2167,25.6667,45.72,34,2,3.44,BW,2021-06-16 22:18:07
604,NiquelÃ¢ndia,-14.4739,-48.4597,74.01,44,8,2.48,BR,2021-06-16 22:18:07
605,AfÅin,38.2477,36.914,55.02,71,20,2.51,TR,2021-06-16 22:18:08
606,Foz,43.5692,-7.2544,64.2,96,96,1.68,ES,2021-06-16 22:18:08
607,Mandalgovi,45.7625,106.2708,47.48,61,71,18.54,MN,2021-06-16 22:18:09
608,Rabo de Peixe,37.8,-25.5833,65.71,94,75,5.75,PT,2021-06-16 22:18:09
609,Arlit,18.7369,7.3853,89.82,11,0,11.72,NE,2021-06-16 22:18:09
610,Porto Walter,-8.2686,-72.7439,81.57,61,62,2.37,BR,2021-06-16 22:18:11
611,Chicama,-7.8447,-79.1469,64.94,68,98,9.4,PE,2021-06-16 22:18:11
612,Albox,37.3886,-2.1495,66.69,77,100,1.92,ES,2021-06-16 22:18:12
613,DhÄrchula,29.85,80.5333,70.7,84,100,4.25,IN,2021-06-16 22:18:12
614,Zemio,5.0314,25.1361,68.25,99,100,1.77,CF,2021-06-16 22:18:13
615,Vieques,18.425,-65.8329,83.88,79,40,17.27,PR,2021-06-16 22:18:13
616,NiterÃ³i,-22.8833,-43.1036,70.95,68,75,6.91,BR,2021-06-16 22:18:13
617,Chipata,-13.6333,32.65,53.55,58,0,4.88,ZM,2021-06-16 22:18:14
618,Luganville,-15.5333,167.1667,81.7,77,43,6.71,VU,2021-06-16 22:18:14
619,Eureka,40.8021,-124.1637,66.09,72,2,5.99,US,2021-06-16 22:15:30
620,CuliacÃ¡n,24.7994,-107.3897,96.53,42,1,11.5,MX,2021-06-16 22:15:35
621,OrÃ¡n,-23.1322,-64.32600000000001,48.42,63,100,2.42,AR,2021-06-16 22:18:15
622,Shenjiamen,29.9576,122.29799999999999,74.01,94,98,7.85,CN,2021-06-16 22:18:15
623,Hays,30.0502,-98.0336,92.71,47,0,3.0,US,2021-06-16 22:18:16
624,Pimentel,-6.8367,-79.9342,68.29,83,90,19.57,PE,2021-06-16 22:18:16
625,Peniche,39.3558,-9.3811,63.79,89,80,7.09,PT,2021-06-16 22:16:34
626,Maumere,-8.6199,122.2111,76.96,82,31,6.51,ID,2021-06-16 22:18:17
627,Uribia,11.7139,-72.266,88.29,52,99,22.66,CO,2021-06-16 22:18:17
628,YÄrÄda,17.65,83.2667,84.52,79,75,9.22,IN,2021-06-16 22:18:18
629,Iranshahr,27.2025,60.6848,89.37,7,0,4.68,IR,2021-06-16 22:18:18
630,MazagÃ£o,-0.115,-51.2894,84.25,91,11,4.18,BR,2021-06-16 22:18:18
631,Santiago,-33.4569,-70.6483,57.67,54,40,2.3,CL,2021-06-16 22:18:19
632,AcarÃ­,-15.4311,-74.6158,70.48,70,65,5.66,PE,2021-06-16 22:18:19
633,Kamen'-Rybolov,44.7481,132.0403,56.07,89,100,18.57,RU,2021-06-16 22:18:20
634,Kukuna,9.4,-12.6667,76.69,88,85,4.18,SL,2021-06-16 22:18:20
635,Rokupr,8.6717,-12.395,75.56,95,93,3.85,SL,2021-06-16 22:18:20
636,Talcahuano,-36.7167,-73.1167,55.08,88,20,1.14,CL,2021-06-16 22:18:21
637,Poya,-21.35,165.15,75.13,72,36,3.91,NC,2021-06-16 22:18:22
638,Ahmadpur East,29.1431,71.2598,87.26,49,85,12.53,PK,2021-06-16 22:18:22
639,Iberia,29.9502,-91.7507,92.89,46,1,10.36,US,2021-06-16 22:18:22
640,Acajutla,13.5928,-89.8275,84.54,77,91,7.81,SV,2021-06-16 22:18:23
641,Nirasaki,35.7,138.45,66.2,93,100,0.13,JP,2021-06-16 22:18:23
642,Maku,39.2911,44.4521,69.3,31,0,4.83,IR,2021-06-16 22:18:23
643,Liverpool,53.4106,-2.9779,58.96,73,0,3.44,GB,2021-06-16 22:18:24
644,Lodja,-3.4833,23.4333,70.23,42,50,1.25,CD,2021-06-16 22:18:24
645,Saurimo,-9.6608,20.3916,58.46,35,17,5.06,AO,2021-06-16 22:18:25
646,Hutchinson,38.0608,-97.9298,100.85,21,1,1.99,US,2021-06-16 22:15:01
647,Thinadhoo,0.5333,72.9333,83.8,73,59,9.69,MV,2021-06-16 22:18:25
648,Nguruka,-5.1092,31.0419,64.29,55,78,3.91,TZ,2021-06-16 22:18:26
649,Acapulco de JuÃ¡rez,16.8634,-99.8901,87.62,74,90,4.61,MX,2021-06-16 22:14:53
650,Vittoria,36.9537,14.5332,64.62,67,1,4.61,IT,2021-06-16 22:18:26
651,Valley,45.1277,-116.1262,67.77,20,0,5.73,US,2021-06-16 22:18:27
652,FukuechÅ,32.6881,128.8419,70.83,91,98,14.36,JP,2021-06-16 22:18:27
653,Bonanza,14.0289,-84.59100000000001,80.28,84,100,2.04,NI,2021-06-16 22:18:28
654,Sarangani,5.4033,125.4636,82.17,77,25,9.69,PH,2021-06-16 22:18:28
655,Devin,41.7433,24.4,58.1,97,71,1.54,BG,2021-06-16 22:18:28
656,Puerto RondÃ³n,6.2805,-71.1,83.03,74,28,4.5,CO,2021-06-16 22:18:29
657,SopÃ³,4.9075,-73.9384,64.42,85,98,2.95,CO,2021-06-16 22:18:29
658,Sivas Province,39.7916,37.0019,50.63,93,40,9.22,TR,2021-06-16 22:17:40
659,Sterling,39.0062,-77.4286,77.23,36,20,1.01,US,2021-06-16 22:18:30
660,Santa Rosa,14.3122,121.1114,82.87,77,77,3.02,PH,2021-06-16 22:18:30
661,Oeiras,-7.0253,-42.1311,81.93,35,2,3.42,BR,2021-06-16 22:18:31
662,Beeville,28.4008,-97.7483,91.15,55,1,6.91,US,2021-06-16 22:14:25
663,Harper,4.375,-7.7169,78.39,81,99,8.32,LR,2021-06-16 22:18:31
664,Biak,-0.9131,122.8766,74.82,85,48,6.08,ID,2021-06-16 22:18:31
665,Huercal Overa,37.389,-1.9454,66.79,77,100,1.59,ES,2021-06-16 22:18:32
666,Manokwari,-0.8667,134.0833,77.7,75,92,3.78,ID,2021-06-16 22:18:32
667,Tocopilla,-22.092,-70.1979,66.11,66,3,6.73,CL,2021-06-16 22:18:33
668,SÃ£o Miguel do Tapuio,-5.5036,-41.3233,82.38,45,78,3.53,BR,2021-06-16 22:18:33
669,Buin,-33.7333,-70.75,56.35,59,95,1.95,CL,2021-06-16 22:18:33
670,Wad RÄwah,15.1603,33.1397,88.3,43,91,12.95,SD,2021-06-16 22:18:34
671,Cururupu,-1.8283,-44.8683,75.4,89,3,3.42,BR,2021-06-16 22:18:34
672,Praia da VitÃ³ria,38.7333,-27.0667,64.65,100,75,13.06,PT,2021-06-16 22:18:35
673,Serenje,-13.2325,30.2352,50.56,61,0,4.16,ZM,2021-06-16 22:18:35
674,Gizo Government Station,-8.103,156.8419,81.88,75,48,6.17,SB,2021-06-16 22:18:35
675,Imuris,30.7833,-110.8667,108.43,7,17,15.52,MX,2021-06-16 22:18:36
676,Ulladulla,-35.35,150.4667,53.1,64,93,13.56,AU,2021-06-16 22:18:36
677,Orito,0.6766,-76.8771,80.19,81,64,1.5,CO,2021-06-16 22:18:37
678,Pedernales,18.0384,-71.744,87.49,57,25,12.97,DO,2021-06-16 22:18:37
679,Kpandu,6.9954,0.2931,77.0,82,95,10.67,GH,2021-06-16 22:18:37
680,IntipucÃ¡,13.1969,-88.0544,84.09,74,100,3.29,SV,2021-06-16 22:18:38
681,ManicorÃ©,-5.8092,-61.3003,80.55,83,20,2.3,BR,2021-06-16 22:18:38
682,HinganghÄt,20.5667,78.8333,74.61,73,100,8.32,IN,2021-06-16 22:18:39
683,Calabozo,8.9242,-67.4293,84.49,66,85,3.85,VE,2021-06-16 22:18:39
684,Pitimbu,-7.4706,-34.8086,77.59,84,6,12.35,BR,2021-06-16 22:18:40
685,St. Pete Beach,27.7253,-82.7412,82.22,76,20,5.01,US,2021-06-16 22:18:40
686,Panzhihua,26.5851,101.7128,73.09,89,100,1.68,CN,2021-06-16 22:18:40
687,Buseresere,-3.0236,31.8747,66.92,56,98,0.38,TZ,2021-06-16 22:18:41
688,Raul Soares,-20.1022,-42.4519,66.88,65,0,3.67,BR,2021-06-16 22:18:41
689,Tongzi,28.7829,105.0877,69.89,96,100,4.05,CN,2021-06-16 22:18:41
690,Redlands,34.0556,-117.1825,100.49,27,75,4.0,US,2021-06-16 22:18:42
691,Sayyan,15.1718,44.3244,63.37,59,89,2.84,YE,2021-06-16 22:18:42
692,La Santisima Trinidad,-14.8333,-64.9,78.78,69,47,4.61,BO,2021-06-16 22:18:43
693,CassilÃ¢ndia,-19.1133,-51.7342,68.54,41,27,4.72,BR,2021-06-16 22:18:43
694,Richards Bay,-28.783,32.0377,66.81,47,34,10.07,ZA,2021-06-16 22:18:44
695,Kirakira,-10.4544,161.9205,82.6,75,77,6.49,SB,2021-06-16 22:18:44
696,Torres,-29.3353,-49.7269,53.94,72,72,10.45,BR,2021-06-16 22:18:44
697,Dourbali,11.8091,15.8632,88.05,42,49,5.35,TD,2021-06-16 22:16:34
698,Ubari,26.5921,12.7805,83.66,15,0,8.05,LY,2021-06-16 22:18:45
699,Vilhena,-12.7406,-60.1458,77.22,69,0,5.75,BR,2021-06-16 22:18:25
700,Buckeye,33.3703,-112.5838,113.27,11,6,5.99,US,2021-06-16 22:15:53
701,MaceiÃ³,-9.6658,-35.7353,78.24,83,75,4.61,BR,2021-06-16 22:18:46
702,Baruun-Urt,46.6806,113.2792,46.51,67,12,14.41,MN,2021-06-16 22:18:46
703,Bahir Dar,11.5936,37.3908,65.03,80,80,3.87,ET,2021-06-16 22:18:47
704,Kawambwa,-9.7915,29.0791,54.46,42,3,5.35,ZM,2021-06-16 22:18:47
705,Nauta,-4.5061,-73.5757,76.89,95,28,0.87,PE,2021-06-16 22:18:48
706,Erenhot,43.6475,111.9767,57.18,30,22,10.58,CN,2021-06-16 22:18:48
707,Goiatuba,-18.0125,-49.3547,66.85,32,24,3.83,BR,2021-06-16 22:18:48
708,AswÄn,24.0934,32.907,86.23,18,0,15.17,EG,2021-06-16 22:18:45
709,Casambalangan,18.3765,122.1274,81.54,83,79,2.75,PH,2021-06-16 22:18:49
710,Gamba,-2.65,10.0,75.78,85,60,6.64,GA,2021-06-16 22:18:49
711,Kongolo,-5.3833,27.0,70.21,35,29,2.01,CD,2021-06-16 22:18:50
712,Mahon,39.8885,4.2658,75.76,78,0,11.5,ES,2021-06-16 22:18:50
713,Bourail,-21.5667,165.4833,73.0,74,30,3.58,NC,2021-06-16 22:18:51
714,Roebourne,-20.7833,117.1333,65.03,36,100,16.71,AU,2021-06-16 22:18:51
715,Lake Jackson,29.0339,-95.4344,91.87,60,40,5.01,US,2021-06-16 22:16:37
716,San Juan de Flores,14.2667,-87.0333,74.88,70,95,3.33,HN,2021-06-16 22:18:52
717,Rio Grande,-32.035,-52.0986,47.95,64,100,10.98,BR,2021-06-16 22:18:52
718,Takoradze,4.8845,-1.7554,76.39,89,100,14.07,GH,2021-06-16 22:18:53
719,Taltal,-25.4,-70.4833,61.65,67,4,3.22,CL,2021-06-16 22:18:53
720,Melton,-37.6833,144.5833,43.95,94,78,4.14,AU,2021-06-16 22:18:53
721,BhandÄra,21.1667,79.65,73.99,78,99,6.42,IN,2021-06-16 22:18:54
722,Sainte-Marie,-20.8968,55.5496,71.15,68,90,18.41,RE,2021-06-16 22:18:54
723,Moranbah,-22.0016,148.0466,67.89,82,25,1.72,AU,2021-06-16 22:18:55
724,Jizan,17.3333,42.6667,88.74,66,24,2.64,SA,2021-06-16 22:18:55
725,Puerto Cabezas,14.0351,-83.3888,82.96,75,84,8.12,NI,2021-06-16 22:18:55
726,Fare,-16.7,-151.0167,80.62,76,100,22.12,PF,2021-06-16 22:18:56
727,Bundaberg,-24.85,152.35,64.69,100,75,8.05,AU,2021-06-16 22:18:56
728,Kalmunai,7.4167,81.8167,79.74,74,98,5.19,LK,2021-06-16 22:18:57
729,Grand Gaube,-20.0064,57.6608,69.39,85,69,7.0,MU,2021-06-16 22:18:57
730,Jiangyou,31.7667,104.7167,68.61,89,100,5.19,CN,2021-06-16 22:18:58
731,AripuanÃ£,-9.1667,-60.6333,79.59,65,48,2.59,BR,2021-06-16 22:18:58
732,Dharampur,20.5333,73.1833,80.65,79,86,10.42,IN,2021-06-16 22:18:58
733,Lima,-12.0432,-77.0282,71.92,71,40,12.66,PE,2021-06-16 22:18:59
734,Hervey Bay,-25.2986,152.8535,67.01,93,76,3.0,AU,2021-06-16 22:18:59
735,Ä°skilip,40.7353,34.4739,56.05,87,99,2.44,TR,2021-06-16 22:19:00
736,Sittwe,20.15,92.9,77.94,90,100,14.88,MM,2021-06-16 22:19:00
737,Kapiri Mposhi,-13.9652,28.6809,50.58,63,0,5.26,ZM,2021-06-16 22:19:00
738,Nara,34.6851,135.8049,70.99,93,100,4.21,JP,2021-06-16 22:19:01
739,Jasdan,22.0333,71.2,87.31,71,8,12.06,IN,2021-06-16 22:19:01
740,Kieta,-6.2167,155.6333,81.77,75,54,5.19,PG,2021-06-16 22:19:02
741,ParaÃ­ba do Sul,-22.1619,-43.2928,60.69,89,24,4.38,BR,2021-06-16 22:19:02
742,Pokaran,26.9167,71.9167,85.95,58,14,8.57,IN,2021-06-16 22:19:03
743,BÄrÄn,25.1,76.5167,88.92,46,74,6.42,IN,2021-06-16 22:19:03
744,Gold Coast,-28.0,153.4333,66.2,82,15,3.0,AU,2021-06-16 22:19:03
745,San Vicente de CaÃ±ete,-13.0751,-76.3835,67.89,80,80,7.76,PE,2021-06-16 22:19:04
746,Kota Kinabalu,5.9749,116.0724,78.78,89,40,3.44,MY,2021-06-16 22:14:45
747,Port Elizabeth,-33.918,25.5701,61.09,77,0,5.75,ZA,2021-06-16 22:19:04
748,Naval,11.5606,124.3975,80.92,84,12,5.01,PH,2021-06-16 22:19:05
749,Jiazi,22.8779,116.06700000000001,81.7,88,56,9.64,CN,2021-06-16 22:19:05
750,MÃ©dÃ©a,36.2642,2.7539,64.85,63,100,9.28,DZ,2021-06-16 22:19:06
751,Arinos,-15.9169,-46.1056,76.15,41,49,2.91,BR,2021-06-16 22:19:06
752,Vaitape,-16.5167,-151.75,81.25,74,100,21.03,PF,2021-06-16 22:19:06
753,Bulawayo,-20.15,28.5833,53.04,45,17,4.63,ZW,2021-06-16 22:19:07
754,Demba,-5.51,22.2667,65.73,38,49,2.46,CD,2021-06-16 22:19:07
755,Carovigno,40.708,17.655,68.34,64,32,1.97,IT,2021-06-16 22:19:08
756,Gwanda,-20.9333,29.0,54.66,49,21,2.3,ZW,2021-06-16 22:19:08
757,ItajuÃ­pe,-14.6781,-39.375,74.19,94,32,0.94,BR,2021-06-16 22:19:09
758,Sakakah,29.9697,40.2064,83.77,22,0,13.06,SA,2021-06-16 22:19:09
759,AmarwÄra,22.3,79.1667,75.7,79,92,10.02,IN,2021-06-16 22:19:09
760,Carroll,39.5501,-77.0164,75.09,35,2,1.99,US,2021-06-16 22:19:10
761,Hengyang,26.8881,112.615,79.12,87,74,3.13,CN,2021-06-16 22:19:10
762,Yining,29.0361,114.5636,78.53,88,61,2.04,CN,2021-06-16 22:19:11
763,Minuri,16.535,121.8574,77.22,87,77,3.11,PH,2021-06-16 22:19:11
764,Kisoro,-1.2854,29.685,54.25,91,100,2.71,UG,2021-06-16 22:19:11
765,Eunice,30.4944,-92.4176,92.88,54,0,8.37,US,2021-06-16 22:19:12
766,Broome,42.2506,-75.833,64.76,43,1,5.01,US,2021-06-16 22:19:12
767,OuÃ©goa,-20.35,164.4333,76.53,75,70,7.56,NC,2021-06-16 22:19:13
768,Itarema,-2.9248,-39.9167,79.36,75,1,11.45,BR,2021-06-16 22:19:13
769,Banjar,-8.19,114.9675,76.86,91,78,3.06,ID,2021-06-16 22:19:13
770,Mfou,3.7159,11.6427,67.66,99,100,4.47,CM,2021-06-16 22:19:14
771,Ati,13.2154,18.3353,85.98,45,60,14.74,TD,2021-06-16 22:19:14
772,Abu Dhabi,24.4667,54.3667,89.62,66,0,3.44,AE,2021-06-16 22:17:37
773,Oytal,42.9057,73.2697,63.97,39,69,4.65,KZ,2021-06-16 22:19:15
774,Mindelo,16.8901,-24.9804,74.75,73,40,16.11,CV,2021-06-16 22:19:15
775,SÃ£o JoÃ£o da Barra,-21.6403,-41.0511,68.79,78,64,9.71,BR,2021-06-16 22:19:16
776,Sungai Penuh,-2.0833,101.3833,63.21,97,90,1.25,ID,2021-06-16 22:19:16
777,Lewisville,33.0462,-96.9942,96.82,40,1,1.01,US,2021-06-16 22:19:09
778,Diapaga,12.0708,1.7889,83.86,47,55,6.76,BF,2021-06-16 22:19:17
779,KalÄleh,37.3807,55.4916,79.61,15,0,4.38,IR,2021-06-16 22:19:17
780,Äsosa,10.0667,34.5333,60.93,96,100,0.72,ET,2021-06-16 22:19:18
781,Luanda,-8.8368,13.2343,75.2,83,40,5.75,AO,2021-06-16 22:19:18
782,Kabo,7.6994,18.629,71.26,96,80,4.72,CF,2021-06-16 22:19:19
783,KyabÃ©,9.4515,18.9449,76.87,78,95,4.16,TD,2021-06-16 22:19:19
784,Corning,42.1428,-77.0547,66.7,37,1,8.05,US,2021-06-16 22:15:38
785,KorÄula,42.9622,17.1369,68.56,70,37,1.7,HR,2021-06-16 22:19:20
786,Southbridge,42.0751,-72.0334,70.14,43,3,1.01,US,2021-06-16 22:19:20
787,Arrecife,28.963,-13.5477,71.58,73,20,13.8,ES,2021-06-16 22:19:20
788,Jega,12.2175,4.3792,84.52,55,65,16.64,NG,2021-06-16 22:19:21
789,Nago,26.5881,127.9761,82.35,92,70,7.63,JP,2021-06-16 22:19:21
790,Qorveh,35.1664,47.8045,66.25,23,0,2.1,IR,2021-06-16 22:19:22
791,Ãay,38.5917,31.0286,52.99,84,46,4.47,TR,2021-06-16 22:19:22
792,Byron Bay,-28.65,153.6167,61.11,87,12,8.14,AU,2021-06-16 22:14:29
793,Alyangula,-13.8483,136.4192,75.18,89,96,6.67,AU,2021-06-16 22:19:23
794,Imbituba,-28.24,-48.6703,58.89,68,83,10.49,BR,2021-06-16 22:19:23
795,Nhulunbuy,-12.2333,136.7667,75.81,94,98,4.61,AU,2021-06-16 22:19:24
796,Waslala,13.2333,-85.3833,81.72,80,60,6.42,NI,2021-06-16 22:19:24
797,Paracuru,-3.41,-39.0306,81.1,78,8,9.46,BR,2021-06-16 22:19:25
798,HyÃ¨res,43.1167,6.1167,70.95,83,0,3.44,FR,2021-06-16 22:19:25
799,Hargeisa,9.56,44.065,72.9,51,79,22.1,SO,2021-06-16 22:19:26
800,Morant Bay,17.8815,-76.4093,86.05,76,18,11.79,JM,2021-06-16 22:19:26
801,Makakilo City,21.3469,-158.0858,83.35,50,75,17.27,US,2021-06-16 22:19:26
802,Makokou,0.5738,12.8642,69.17,98,76,2.37,GA,2021-06-16 22:19:27
803,MÃ¡ncora,-4.1078,-81.0475,73.98,71,89,12.26,PE,2021-06-16 22:19:27
804,Dourados,-22.2211,-54.8056,65.25,57,89,7.25,BR,2021-06-16 22:18:07
805,North Augusta,33.5018,-81.9651,86.54,42,1,10.36,US,2021-06-16 22:19:28
806,Yei,4.095,30.6779,66.76,94,88,3.27,SS,2021-06-16 22:19:28
807,Venado Tuerto,-33.7456,-61.9688,44.31,68,100,4.54,AR,2021-06-16 22:19:29
808,San Luis RÃ­o Colorado,32.4631,-114.7767,109.26,14,100,13.2,MX,2021-06-16 22:19:29
809,Barra Patuca,15.8,-84.2833,83.26,76,95,13.8,HN,2021-06-16 22:19:29
810,Kumluca,36.3703,30.2869,69.13,60,0,5.66,TR,2021-06-16 22:19:30
811,Kimbe,-5.5502,150.1429,77.59,87,96,3.33,PG,2021-06-16 22:19:30
812,Shihezi,44.3,86.0333,69.64,22,100,3.65,CN,2021-06-16 22:19:30
813,Emerald,-23.5333,148.1667,64.54,100,90,5.75,AU,2021-06-16 22:19:31
814,Pak Phanang,8.3511,100.20200000000001,78.94,85,99,8.1,TH,2021-06-16 22:19:31
815,Altamira,-3.2033,-52.2064,74.98,92,2,0.98,BR,2021-06-16 22:19:32
816,Kuytun,54.3419,101.5036,47.88,88,88,5.41,RU,2021-06-16 22:19:32
817,Parkes,-33.1333,148.1833,39.72,90,18,5.48,AU,2021-06-16 22:19:32
818,Broken Hill,-31.95,141.4333,44.19,93,0,10.63,AU,2021-06-16 22:19:33
819,Pagudpud,18.5616,120.7868,78.76,85,70,8.25,PH,2021-06-16 22:19:33
820,North Platte,41.1239,-100.7654,102.76,25,1,8.01,US,2021-06-16 22:17:03
821,Pringsewu,-5.3582,104.9744,72.5,97,100,2.66,ID,2021-06-16 22:19:34
822,Nuoro,40.3211,9.3297,65.79,81,3,2.77,IT,2021-06-16 22:19:34
823,SÄ«tÄmau,24.0167,75.35,83.62,61,92,15.1,IN,2021-06-16 22:19:35
824,Weligama,5.9667,80.4167,78.98,85,100,10.87,LK,2021-06-16 22:19:35
