City_Name,City_Lat,City_Long,Temperature,Humidity,Cloudiness,Wind_Speed,Country,Date
Levice,48.2156,18.6071,70.11,75,8,4.16,SK,2021-06-17 05:00:42
SÃ£o JosÃ© da Coroa Grande,-8.8978,-35.1478,74.19,90,50,7.2,BR,2021-06-17 05:00:43
Ponta do Sol,32.6667,-17.1,67.35,79,27,8.39,PT,2021-06-17 05:00:43
Dongning,44.0622,131.1207,75.47,64,100,5.03,CN,2021-06-17 05:00:43
Galle,6.0367,80.217,83.26,76,100,14.52,LK,2021-06-17 05:00:44
Itanagar,27.1,93.6167,83.03,78,99,3.67,IN,2021-06-17 05:00:44
Lumding,25.7535,93.1732,91.31,58,73,1.77,IN,2021-06-17 05:00:45
Bathsheba,13.2167,-59.5167,81.21,69,75,23.02,BB,2021-06-17 05:00:45
Nhulunbuy,-12.2333,136.7667,83.01,69,75,14.97,AU,2021-06-17 05:00:46
East London,-33.0153,27.9116,60.06,74,24,6.53,ZA,2021-06-17 05:00:46
Rikitea,-23.1203,-134.9692,75.06,77,84,23.0,PF,2021-06-17 05:00:47
Laramie,41.3114,-105.5911,66.2,39,32,10.33,US,2021-06-17 04:57:28
Fortuna,40.5982,-124.1573,56.57,62,12,1.99,US,2021-06-17 05:00:47
Malangali,-8.5667,34.85,56.62,67,30,8.39,TZ,2021-06-17 05:00:47
Uglovoye,44.8215,33.6045,64.56,84,100,11.88,UA,2021-06-17 05:00:48
Jacareacanga,-6.2222,-57.7528,71.76,98,100,0.47,BR,2021-06-17 05:00:48
Hilo,19.7297,-155.09,74.32,87,90,9.22,US,2021-06-17 05:00:49
Batticaloa,7.7102,81.6924,90.64,48,99,12.26,LK,2021-06-17 05:00:49
Atuona,-9.8,-139.0333,79.57,76,24,24.25,PF,2021-06-17 05:00:50
Porbandar,21.6422,69.6093,86.76,72,100,14.97,IN,2021-06-17 05:00:50
Nantong,32.0303,120.8747,75.97,89,100,8.95,CN,2021-06-17 05:00:50
Puerto Ayora,-0.7393,-90.3518,73.54,90,38,5.01,EC,2021-06-17 05:00:51
Mudgee,-32.5943,149.5871,52.63,63,15,13.4,AU,2021-06-17 05:00:52
Kloulklubed,7.0419,134.2556,84.7,71,84,2.66,PW,2021-06-17 05:00:52
Kahului,20.8947,-156.47,78.82,84,70,11.01,US,2021-06-17 04:56:26
MÃ©dÃ©a,36.2642,2.7539,64.85,50,100,6.64,DZ,2021-06-17 05:00:53
Saint-Philippe,-21.3585,55.7679,70.72,83,60,12.1,RE,2021-06-17 05:00:53
Alofi,-19.0595,-169.9187,77.95,81,69,13.44,NU,2021-06-17 05:00:53
Oussouye,12.485,-16.5469,77.76,85,59,6.08,SN,2021-06-17 05:00:54
Pacific Grove,36.6177,-121.9166,58.71,79,23,1.01,US,2021-06-17 05:00:55
Vaini,-21.2,-175.2,75.09,82,94,5.46,TO,2021-06-17 05:00:55
Mataura,-46.1927,168.8643,45.48,96,67,2.46,NZ,2021-06-17 05:00:56
Cidreira,-30.1811,-50.2056,51.46,82,99,8.19,BR,2021-06-17 05:00:56
Porto-Novo,6.4965,2.6036,77.52,84,99,5.26,BJ,2021-06-17 05:00:56
Vanimo,-2.6741,141.3028,82.87,74,36,5.35,PG,2021-06-17 05:00:57
Port Lincoln,-34.7333,135.8667,56.75,70,77,23.87,AU,2021-06-17 05:00:57
Champerico,14.3,-91.9167,78.21,86,100,8.41,GT,2021-06-17 05:00:58
Garissa,-0.4536,39.6401,75.6,67,70,15.73,KE,2021-06-17 05:00:58
AsÄu,46.4333,26.4,60.78,96,72,4.88,RO,2021-06-17 05:00:58
Lorengau,-2.0226,147.2712,84.96,65,81,7.54,PG,2021-06-17 05:00:59
Kapaa,22.0752,-159.319,76.3,81,39,1.99,US,2021-06-17 05:00:59
Laranjeiras do Sul,-25.4078,-52.4161,45.82,95,36,0.38,BR,2021-06-17 05:00:59
Nikolskoye,59.7035,30.7861,62.89,50,52,7.27,RU,2021-06-17 05:01:00
Bethel,41.3712,-73.414,53.87,77,5,4.18,US,2021-06-17 05:01:01
Biograd na Moru,43.9433,15.4519,61.5,58,8,3.11,HR,2021-06-17 05:01:01
Wufeng,27.45,104.8333,74.43,73,96,3.18,CN,2021-06-17 05:01:05
Avarua,-21.2078,-159.775,76.89,80,27,21.94,CK,2021-06-17 05:01:05
Kavieng,-2.5744,150.7967,83.91,68,98,6.11,PG,2021-06-17 05:01:06
Am Timan,11.0297,20.2827,78.73,65,99,6.64,TD,2021-06-17 05:01:07
Vaitape,-16.5167,-151.75,80.46,77,89,21.88,PF,2021-06-17 05:01:07
Tautira,-17.7333,-149.15,78.82,84,100,17.65,PF,2021-06-17 05:01:08
Lubango,-14.9172,13.4925,52.29,41,23,1.43,AO,2021-06-17 05:01:08
Amahai,-3.3333,128.9167,82.0,76,91,5.48,ID,2021-06-17 05:01:08
Maningrida,-12.0667,134.2667,87.66,50,55,8.63,AU,2021-06-17 05:01:09
Hambantota,6.1241,81.1185,88.14,70,20,13.8,LK,2021-06-17 05:01:09
Ixtapa,20.7,-105.2,83.23,86,79,1.01,MX,2021-06-17 05:00:24
Isangel,-19.55,169.2667,78.75,80,45,4.16,VU,2021-06-17 05:01:10
Broken Hill,-31.95,141.4333,61.9,47,18,16.82,AU,2021-06-17 05:01:10
Kudahuvadhoo,2.6708,72.8944,83.75,75,87,10.69,MV,2021-06-17 05:01:11
Torbay,47.6666,-52.7314,58.84,98,90,12.66,CA,2021-06-17 05:01:11
AcaraÃº,-2.8856,-40.12,76.77,87,12,10.29,BR,2021-06-17 05:01:12
Cedar City,37.6775,-113.0619,73.18,29,97,8.21,US,2021-06-17 05:01:13
Salalah,17.0151,54.0924,85.91,73,71,9.44,OM,2021-06-17 05:01:13
Pedara,37.6169,15.0567,65.08,58,85,3.83,IT,2021-06-17 05:01:14
Meulaboh,4.1363,96.1285,84.99,62,59,4.14,ID,2021-06-17 05:01:14
Baisha,26.5222,110.9311,94.69,52,58,2.86,CN,2021-06-17 05:01:14
Cabo San Lucas,22.8909,-109.9124,84.34,70,23,17.34,MX,2021-06-17 05:00:01
Chicama,-7.8447,-79.1469,66.16,89,70,5.68,PE,2021-06-17 05:01:15
Jamestown,42.097,-79.2353,47.84,88,30,0.67,US,2021-06-17 05:01:15
Butaritari,3.0707,172.7902,84.18,69,29,11.59,KI,2021-06-17 05:01:16
Hithadhoo,-0.6,73.0833,83.7,74,94,9.26,MV,2021-06-17 05:01:16
Swellendam,-34.0226,20.4417,54.64,74,1,4.63,ZA,2021-06-17 05:01:17
MahÃ©bourg,-20.4081,57.7,71.26,70,87,17.22,MU,2021-06-17 05:01:17
Harper,4.375,-7.7169,77.11,82,100,4.7,LR,2021-06-17 05:01:18
Huilong,31.8111,121.655,75.97,89,100,11.45,CN,2021-06-17 05:01:18
SangmÃ©lima,2.9333,11.9833,66.49,98,100,3.29,CM,2021-06-17 05:01:19
Rosarito,32.3333,-117.0333,66.15,78,14,7.31,MX,2021-06-17 05:00:04
Sittwe,20.15,92.9,78.57,91,100,15.97,MM,2021-06-17 05:01:19
GambÄla,8.25,34.5833,71.58,95,100,2.55,ET,2021-06-17 05:01:20
Quatre Cocos,-20.2078,57.7625,71.1,73,64,16.91,MU,2021-06-17 05:01:20
Manggar,-2.8833,108.2667,86.41,61,97,7.38,ID,2021-06-17 05:01:21
ÅabrÄtah,32.7933,12.4885,74.32,54,3,8.34,LY,2021-06-17 05:01:21
Provideniya,64.3833,-173.3,44.71,81,90,11.18,RU,2021-06-17 05:01:22
Macheng,31.1783,115.0319,84.11,76,100,14.23,CN,2021-06-17 05:01:22
Saldanha,-33.0117,17.9442,56.53,87,3,5.86,ZA,2021-06-17 05:01:23
Yaan,7.3833,8.5667,71.92,96,98,5.37,NG,2021-06-17 05:01:23
Vila Velha,-20.3297,-40.2925,65.95,94,15,1.01,BR,2021-06-17 05:00:37
Hobart,-42.8794,147.3294,52.03,100,75,10.36,AU,2021-06-17 05:00:14
Curup,-3.4667,102.5333,82.18,67,34,3.36,ID,2021-06-17 05:01:24
Korla,41.7597,86.1469,81.57,14,100,13.33,CN,2021-06-17 05:01:25
Boquira,-12.8231,-42.7306,68.95,66,41,0.6,BR,2021-06-17 05:01:26
Bitung,1.4451,125.1824,86.85,73,47,7.96,ID,2021-06-17 05:01:26
Airai,-8.9266,125.4092,74.53,47,65,3.78,TL,2021-06-17 05:01:26
Rocha,-34.4833,-54.3333,49.91,66,100,8.79,UY,2021-06-17 05:01:09
Shitanjing,39.2342,106.3439,71.47,20,27,8.12,CN,2021-06-17 05:01:27
Bambous Virieux,-20.3428,57.7575,71.22,71,81,17.0,MU,2021-06-17 05:01:28
NÄ«lÄshwar,12.25,75.1,82.65,79,88,16.67,IN,2021-06-17 05:01:28
Hobyo,5.3505,48.5268,79.47,74,100,21.65,SO,2021-06-17 05:01:29
George Town,5.4112,100.3354,88.68,71,20,1.01,MY,2021-06-17 05:00:00
Qandala,11.472000000000001,49.8728,92.55,44,90,1.1,SO,2021-06-17 05:01:30
Grand Island,40.925,-98.34200000000001,83.62,46,7,12.59,US,2021-06-17 05:01:31
Yining,29.0361,114.5636,91.29,66,94,4.09,CN,2021-06-17 05:01:31
Bengkulu,-3.8004,102.2655,84.09,67,48,5.99,ID,2021-06-17 05:01:32
Kafanchan,9.5833,8.3,67.21,99,92,3.09,NG,2021-06-17 05:01:32
Nishihara,26.1842,127.7558,85.26,80,75,17.27,JP,2021-06-17 05:01:33
Russell,32.3502,-85.1999,66.06,88,4,3.67,US,2021-06-17 05:01:34
NarÄyangarh,30.4833,77.1333,91.69,46,5,3.98,IN,2021-06-17 05:01:34
Port Blair,11.6667,92.75,85.5,74,97,17.09,IN,2021-06-17 04:57:55
Cap Malheureux,-19.9842,57.6142,71.47,83,14,5.99,MU,2021-06-17 05:01:34
Banfora,10.6333,-4.7667,74.64,80,77,4.94,BF,2021-06-17 05:01:35
San QuintÃ­n,30.4833,-115.95,65.93,80,1,3.51,MX,2021-06-17 05:01:35
SÃ£o Filipe,14.8961,-24.4956,72.28,84,30,3.47,CV,2021-06-17 05:01:36
Victoria Point,-27.5833,153.3,73.26,38,3,8.01,AU,2021-06-17 05:01:36
Muncar,-8.4333,114.3333,84.38,66,90,8.77,ID,2021-06-17 05:01:36
Te Anau,-45.4167,167.7167,43.32,80,74,4.07,NZ,2021-06-17 05:01:37
Sundargarh,22.1167,84.0333,80.49,69,100,6.49,IN,2021-06-17 05:01:37
Arrondissement de Perpignan,42.75,2.75,69.64,86,75,4.61,FR,2021-06-17 05:01:38
Pangkalanbuun,-2.6833,111.6167,83.44,82,98,2.93,ID,2021-06-17 05:01:38
Tingo MarÃ­a,-9.2895,-76.0088,66.85,93,100,1.81,PE,2021-06-17 04:59:16
Ahipara,-35.1667,173.1667,57.94,81,3,6.58,NZ,2021-06-17 05:01:39
Jurm,36.8648,70.8342,70.03,23,1,4.0,AF,2021-06-17 05:01:39
Morristown,36.214,-83.2949,59.67,69,3,2.91,US,2021-06-17 04:58:00
Dagana,16.5165,-15.5068,70.75,82,11,9.04,MR,2021-06-17 05:01:40
Port Hawkesbury,45.6169,-61.3485,57.13,96,39,1.01,CA,2021-06-17 05:01:40
Broome,42.2506,-75.833,45.63,84,51,1.99,US,2021-06-17 05:01:41
GonaÃ¯ves,19.45,-72.6833,80.37,81,19,3.29,HT,2021-06-17 05:01:41
Faanui,-16.4833,-151.75,80.46,77,88,21.88,PF,2021-06-17 05:01:41
Road Town,18.4167,-64.6167,81.63,81,84,22.15,VG,2021-06-17 05:01:42
Karratha,-20.7377,116.8463,71.89,32,100,21.41,AU,2021-06-17 05:01:42
Cartagena,10.3997,-75.5144,82.02,89,75,6.91,CO,2021-06-17 04:58:19
Luba,3.4568,8.5547,78.15,83,99,6.93,GQ,2021-06-17 05:01:43
Michigan City,41.7075,-86.895,53.89,100,90,3.36,US,2021-06-17 05:00:15
Santa Cruz de la Sierra,-17.8,-63.1667,56.03,73,100,13.29,BO,2021-06-17 05:01:38
Enid,36.3956,-97.8784,78.78,70,1,1.99,US,2021-06-17 05:01:01
Yenagoa,4.9247,6.2642,73.99,96,96,1.68,NG,2021-06-17 05:01:44
Marystown,47.1666,-55.1483,52.72,100,100,7.43,CA,2021-06-17 05:01:45
FukuechÅ,32.6881,128.8419,71.96,100,75,4.61,JP,2021-06-17 05:01:45
Mananjary,-21.2167,48.3333,67.64,77,26,4.47,MG,2021-06-17 05:01:46
Isoka,-10.1606,32.6335,52.12,81,33,0.81,ZM,2021-06-17 05:01:46
Margate,51.3813,1.3862,64.89,99,99,8.86,GB,2021-06-17 05:01:46
Cairns,-16.9167,145.7667,82.31,74,19,5.75,AU,2021-06-17 05:01:47
Boyolangu,-8.1181,111.8935,84.34,69,100,6.31,ID,2021-06-17 05:01:47
Hasaki,35.7333,140.8333,77.54,71,92,14.2,JP,2021-06-17 05:01:48
Shache,38.4167,77.2406,66.9,45,100,6.87,CN,2021-06-17 05:01:48
Camacha,33.0833,-16.3333,65.61,88,75,14.97,PT,2021-06-17 05:01:48
Jumla,29.2747,82.1838,61.11,91,100,1.81,NP,2021-06-17 05:01:49
Lompoc,34.6391,-120.4579,67.41,75,27,4.65,US,2021-06-17 05:00:51
Ginir,7.1333,40.7,63.1,66,100,3.15,ET,2021-06-17 05:01:50
Conde,-7.2597,-34.9075,71.69,94,17,8.14,BR,2021-06-17 05:01:08
Jiangyou,31.7667,104.7167,68.97,84,100,3.36,CN,2021-06-17 05:01:51
Esperance,-33.8667,121.9,58.42,54,87,7.09,AU,2021-06-17 05:01:51
Yurimaguas,-5.9,-76.0833,69.85,99,49,0.6,PE,2021-06-17 05:01:51
Marsh Harbour,26.5412,-77.0636,80.06,73,100,4.68,BS,2021-06-17 05:01:52
Iwanai,42.9744,140.5089,71.08,64,7,6.4,JP,2021-06-17 05:01:52
Kununurra,-15.7667,128.7333,87.78,20,60,8.05,AU,2021-06-17 05:01:52
Cayenne,4.9333,-52.3333,75.09,91,75,2.3,GF,2021-06-17 05:01:53
Calabozo,8.9242,-67.4293,72.9,96,81,3.69,VE,2021-06-17 04:58:01
Yumen,40.2833,97.2,76.75,10,99,22.1,CN,2021-06-17 05:01:55
Castro,-24.7911,-50.0119,50.52,94,90,6.46,BR,2021-06-17 05:01:55
Cape Town,-33.9258,18.4232,56.91,90,75,1.01,ZA,2021-06-17 04:56:58
Pemangkat,1.1667,108.9667,80.38,79,100,1.52,ID,2021-06-17 05:01:55
OmbouÃ©,-1.5746,9.2618,75.87,86,100,6.91,GA,2021-06-17 05:01:56
San Jose,37.3394,-121.895,70.75,52,20,4.61,US,2021-06-17 05:01:57
Gamba,-2.65,10.0,75.15,86,100,4.63,GA,2021-06-17 05:01:57
ValparaÃ­so,-33.0393,-71.6273,54.48,77,5,3.94,CL,2021-06-17 05:01:57
Chui,-33.6971,-53.4616,51.21,78,100,11.07,UY,2021-06-17 05:01:58
Tuy Hoa,13.0833,109.3,95.58,48,42,6.22,VN,2021-06-17 05:00:54
AiligandÃ­,9.2333,-78.0167,79.36,86,43,5.03,PA,2021-06-17 05:01:59
Luwuk,-0.9516,122.7875,83.95,73,27,4.54,ID,2021-06-17 05:01:59
Menongue,-14.6585,17.691,45.82,49,3,3.29,AO,2021-06-17 05:02:00
St. George's,12.0564,-61.7485,78.64,81,100,9.73,GD,2021-06-17 05:02:00
Khovd,48.0056,91.6419,68.47,30,1,7.43,MN,2021-06-17 05:02:01
Mawlaik,23.6333,94.4167,77.47,96,97,1.99,MM,2021-06-17 05:02:01
General Roca,-39.0333,-67.5833,41.05,48,100,6.87,AR,2021-06-17 05:02:02
Adrar,20.5022,-10.0711,86.83,18,47,10.04,MR,2021-06-17 05:02:02
Coquimbo,-29.9533,-71.3436,56.39,79,95,1.03,CL,2021-06-17 05:02:03
La Palma,33.8464,-118.0467,66.88,80,75,5.75,US,2021-06-17 04:57:58
Bubaque,11.2833,-15.8333,80.47,84,49,11.32,GW,2021-06-17 05:02:03
PeruÃ­be,-24.32,-46.9983,61.77,93,96,3.27,BR,2021-06-17 05:02:04
Rio Brilhante,-21.8019,-54.5464,62.78,71,100,5.88,BR,2021-06-17 04:57:24
Labuan,5.2767,115.2417,87.96,75,18,7.56,MY,2021-06-17 05:02:04
Hostotipaquillo,21.0667,-104.0667,69.91,61,100,1.39,MX,2021-06-17 05:02:05
Baturaden,-7.3,109.2167,71.91,78,99,1.05,ID,2021-06-17 05:02:05
Pisco,-13.7,-76.2167,63.01,90,57,2.37,PE,2021-06-17 05:02:06
Iquitos,-3.7481,-73.2472,70.99,98,100,1.12,PE,2021-06-17 05:02:06
MÃ¡ncora,-4.1078,-81.0475,74.23,73,88,7.25,PE,2021-06-17 05:02:07
Marang,5.2056,103.2059,87.46,61,86,6.8,MY,2021-06-17 05:02:07
Pucallpa,-8.3791,-74.5539,73.72,80,83,2.01,PE,2021-06-17 05:02:07
Coruripe,-10.1256,-36.1756,73.85,85,76,7.56,BR,2021-06-17 05:02:08
Faya,18.3851,42.4509,75.74,24,85,1.66,SA,2021-06-17 05:02:08
Diphu,25.8333,93.4333,90.63,61,89,1.63,IN,2021-06-17 05:02:09
Makakilo City,21.3469,-158.0858,78.21,61,19,9.33,US,2021-06-17 05:02:09
Dongying,37.4564,118.4856,71.02,78,100,6.76,CN,2021-06-17 05:02:10
Caravelas,-17.7125,-39.2481,68.95,80,11,3.51,BR,2021-06-17 05:02:10
Hong Kong,22.2855,114.1577,89.51,74,86,10.0,HK,2021-06-17 05:02:11
Tahoua,14.8888,5.2692,81.91,49,23,6.38,NE,2021-06-17 05:02:11
Eyl,7.9803,49.8164,81.75,60,95,25.1,SO,2021-06-17 05:02:12
Phayuha Khiri,15.4553,100.1353,94.75,54,87,4.94,TH,2021-06-17 05:02:14
Muros,42.7762,-9.0603,61.52,90,100,7.49,ES,2021-06-17 05:02:14
Ribeira Grande,38.5167,-28.7,66.42,88,100,13.94,PT,2021-06-17 05:02:15
Arrondissement d'Arcachon,44.5875,-1.0519,66.24,94,90,5.75,FR,2021-06-17 05:02:15
Altagracia de Orituco,9.8601,-66.3814,71.47,96,100,2.77,VE,2021-06-17 05:02:16
Marovoay,-16.1,46.6333,73.54,52,66,10.76,MG,2021-06-17 05:02:16
Zhangye,38.9342,100.4517,74.19,18,95,3.69,CN,2021-06-17 05:02:17
Saint Augustine,29.8947,-81.3145,75.16,94,90,9.35,US,2021-06-17 05:00:42
North Platte,41.1239,-100.7654,77.95,53,60,1.01,US,2021-06-17 04:59:48
JoshÄ«math,30.5667,79.5667,77.79,61,58,7.38,IN,2021-06-17 05:02:18
Pauini,-7.7136,-66.9764,72.46,86,98,1.01,BR,2021-06-17 05:02:18
Plaza de CaisÃ¡n,8.7333,-82.8167,70.95,95,64,2.59,PA,2021-06-17 05:02:19
New Ulm,44.3125,-94.4605,78.55,48,75,6.91,US,2021-06-17 05:02:19
Comalapa,14.7411,-90.8875,56.25,94,100,1.92,GT,2021-06-17 05:02:20
Cockburn Town,21.4612,-71.1419,80.1,85,6,22.19,TC,2021-06-17 05:02:21
Tecolutla,20.4833,-97.0167,76.48,87,10,6.24,MX,2021-06-17 05:02:21
Hualmay,-11.0964,-77.6139,65.14,87,77,10.29,PE,2021-06-17 05:02:22
Otofuke,42.9917,143.2003,64.6,78,84,10.04,JP,2021-06-17 05:02:22
Ngunguru,-35.6167,174.5,62.17,74,30,7.47,NZ,2021-06-17 05:02:22
Acajutla,13.5928,-89.8275,78.8,84,100,4.05,SV,2021-06-17 05:00:33
Baculin,7.4525,126.5842,84.9,70,20,6.6,PH,2021-06-17 05:02:23
Los Llanos de Aridane,28.6585,-17.9182,65.12,92,75,12.66,ES,2021-06-17 05:02:23
Sorong,-0.8833,131.25,81.75,73,52,5.93,ID,2021-06-17 05:02:24
Septemvri,42.2167,24.1,63.93,73,10,2.19,BG,2021-06-17 05:02:24
Emerald,-23.5333,148.1667,78.35,37,32,6.2,AU,2021-06-17 05:02:25
Nanchang,28.6833,115.8833,93.54,60,79,12.64,CN,2021-06-17 05:02:26
AdrÃ©,13.4667,22.2,77.05,48,72,5.32,TD,2021-06-17 05:02:26
Likasi,-10.9814,26.7333,47.64,63,2,3.2,CD,2021-06-17 05:02:26
Diffa,13.3154,12.6113,84.45,44,90,6.62,NE,2021-06-17 05:02:27
Arraial do Cabo,-22.9661,-42.0278,69.89,76,49,14.94,BR,2021-06-17 05:02:27
Mathura,27.5,77.6833,95.65,40,43,0.87,IN,2021-06-17 05:02:28
Acapulco de JuÃ¡rez,16.8634,-99.8901,78.75,89,100,6.96,MX,2021-06-17 04:57:36
Leh,34.1667,77.5833,52.0,48,98,3.91,IN,2021-06-17 05:02:28
Laurel,39.0993,-76.8483,62.04,68,1,3.0,US,2021-06-17 05:02:29
Saint Paul Harbor,57.79,-152.4072,47.44,90,100,6.35,US,2021-06-17 05:02:30
Kandrian,-6.2167,149.55,78.51,88,98,9.19,PG,2021-06-17 05:02:30
Marzuq,14.4,46.4667,86.68,27,99,2.04,YE,2021-06-17 05:02:30
Senanga,-16.1167,23.2667,47.44,59,1,4.14,ZM,2021-06-17 05:02:31
Maumere,-8.6199,122.2111,84.29,62,26,6.35,ID,2021-06-17 05:02:31
FlorianÃ³polis,-27.6146,-48.5012,58.3,61,100,5.41,BR,2021-06-17 05:02:32
San Rafael,-34.6177,-68.3301,36.07,78,100,3.38,AR,2021-06-17 05:00:48
SÃ£o JoÃ£o da Barra,-21.6403,-41.0511,65.98,86,17,7.76,BR,2021-06-17 05:02:32
Itarema,-2.9248,-39.9167,77.02,86,5,10.0,BR,2021-06-17 05:02:33
Nemuro,43.3236,145.575,49.84,87,94,10.71,JP,2021-06-17 05:02:33
Mwandiga,-4.83,29.6581,70.95,71,93,4.07,TZ,2021-06-17 05:02:34
Yinchuan,38.4681,106.2731,76.03,19,45,2.37,CN,2021-06-17 05:02:34
Poum,-20.2333,164.0167,74.3,81,67,5.59,NC,2021-06-17 05:02:34
Codrington,-38.2667,141.9667,56.19,82,97,5.28,AU,2021-06-17 05:02:35
Port Hueneme,34.1478,-119.1951,68.86,85,1,6.91,US,2021-06-17 05:02:35
Yamada,39.4667,141.95,66.97,85,92,6.93,JP,2021-06-17 05:02:36
Lebu,-37.6167,-73.65,51.15,85,70,4.76,CL,2021-06-17 05:02:36
Sitka,57.0531,-135.33,54.41,78,97,1.59,US,2021-06-17 05:02:36
Alta Floresta,-9.8756,-56.0861,75.47,65,92,1.07,BR,2021-06-17 05:02:37
Cerrito,6.8432,-72.694,52.23,85,51,4.97,CO,2021-06-17 05:02:37
Richards Bay,-28.783,32.0377,64.99,86,87,10.98,ZA,2021-06-17 05:02:37
St. Pete Beach,27.7253,-82.7412,74.37,87,75,8.99,US,2021-06-17 05:02:38
Molina,-35.1167,-71.2833,47.37,100,5,2.98,CL,2021-06-17 05:02:38
Manokwari,-0.8667,134.0833,82.15,72,93,4.92,ID,2021-06-17 05:02:39
Barra de Tecoanapa,16.5167,-98.75,78.24,89,100,6.87,MX,2021-06-17 05:02:39
Alice Springs,-23.7,133.8833,60.35,31,75,10.36,AU,2021-06-17 05:02:39
Ushibukamachi,32.1906,130.0228,73.09,86,100,3.27,JP,2021-06-17 05:02:40
Thinadhoo,0.5333,72.9333,84.31,73,95,9.46,MV,2021-06-17 05:02:40
Philadelphia,39.9523,-75.1638,57.49,68,33,5.66,US,2021-06-17 04:58:56
Lahad Datu,5.0268,118.32700000000001,86.05,62,88,4.92,MY,2021-06-17 05:02:41
Contai,21.7786,87.7536,84.76,70,100,10.27,IN,2021-06-17 05:02:41
Bajil,15.0584,43.2851,88.68,55,71,9.6,YE,2021-06-17 05:02:42
Bandarbeyla,9.4942,50.8122,82.42,62,66,28.36,SO,2021-06-17 05:02:42
Carutapera,-1.195,-46.02,74.14,94,6,5.1,BR,2021-06-17 05:02:43
Severo-Kuril'sk,50.6789,156.125,49.98,75,72,7.56,RU,2021-06-17 05:02:43
Correntina,-13.3433,-44.6367,69.12,61,37,2.46,BR,2021-06-17 05:02:44
Victor Harbor,-35.5667,138.6167,55.26,61,44,12.46,AU,2021-06-17 05:02:44
San Cristobal,7.7669,-72.225,64.92,95,90,3.11,VE,2021-06-17 05:02:45
Bartica,6.4,-58.6167,73.13,99,97,2.64,GY,2021-06-17 05:02:45
Kalabo,-14.97,22.6814,47.91,55,4,4.81,ZM,2021-06-17 05:02:46
San Ramon,37.7799,-121.978,69.89,42,51,3.29,US,2021-06-17 04:58:00
Sola,-13.8833,167.55,81.46,76,85,12.95,VU,2021-06-17 05:02:47
Torit,4.4133,32.5678,70.52,90,98,2.04,SS,2021-06-17 05:02:47
Semporna,4.4818,118.6112,85.32,66,99,4.79,MY,2021-06-17 05:02:48
Kaputa,-8.4689,29.6619,60.46,59,79,1.25,ZM,2021-06-17 05:02:48
Praia da VitÃ³ria,38.7333,-27.0667,63.75,90,100,15.97,PT,2021-06-17 05:02:48
Sena Madureira,-9.0656,-68.6569,74.95,77,100,0.63,BR,2021-06-17 05:02:49
Ulladulla,-35.35,150.4667,57.96,61,19,16.82,AU,2021-06-17 05:02:49
Gizo Government Station,-8.103,156.8419,83.23,71,22,5.37,SB,2021-06-17 05:02:49
Hindaun,26.7167,77.0167,96.13,38,5,4.34,IN,2021-06-17 05:02:50
Lagoa,39.05,-27.9833,63.84,81,100,21.63,PT,2021-06-17 05:02:50
Paracuru,-3.41,-39.0306,81.1,82,2,10.25,BR,2021-06-17 04:58:00
Vila Franca do Campo,37.7167,-25.4333,63.01,94,100,11.3,PT,2021-06-17 05:02:51
LÃ¡zaro CÃ¡rdenas,17.9583,-102.2,81.84,84,100,3.18,MX,2021-06-17 05:00:01
Sikonge,-5.6333,32.7667,60.42,69,59,5.77,TZ,2021-06-17 05:02:51
Monrovia,6.3005,-10.7969,78.26,82,52,4.92,LR,2021-06-17 05:02:52
Garoua BoulaÃ¯,5.8833,14.55,62.49,97,100,2.66,CM,2021-06-17 05:02:52
Half Moon Bay,37.4636,-122.4286,65.79,70,1,9.22,US,2021-06-17 04:58:03
SalinÃ³polis,-0.6136,-47.3561,78.06,85,2,9.51,BR,2021-06-17 05:02:53
Bowen,-20.0167,148.2333,77.09,77,53,11.36,AU,2021-06-17 05:02:53
Price,39.5994,-110.8107,81.19,20,100,6.67,US,2021-06-17 05:02:53
Mutsu,41.2894,141.2169,77.0,73,43,10.65,JP,2021-06-17 05:02:54
Mount Gambier,-37.8333,140.7667,56.39,83,82,8.14,AU,2021-06-17 05:02:55
Chalmette,29.9427,-89.9634,79.39,74,1,3.44,US,2021-06-17 05:02:55
Atar,20.5169,-13.0499,84.58,21,3,8.19,MR,2021-06-17 05:02:55
Zhuanghe,39.7008,122.9911,64.71,94,100,6.4,CN,2021-06-17 05:02:57
Crestview,30.7621,-86.5705,72.82,79,99,4.34,US,2021-06-17 05:02:17
Jati,24.3539,68.2671,91.22,52,72,13.06,PK,2021-06-17 05:02:57
San AndrÃ©s,12.5847,-81.7006,81.7,83,100,19.62,CO,2021-06-17 05:00:21
Mineral Wells,32.8085,-98.1128,77.9,78,1,5.75,US,2021-06-17 05:02:58
Mendoza,-32.8908,-68.8272,35.13,80,75,5.75,AR,2021-06-17 04:59:16
Kamaishi,39.2667,141.8833,67.19,85,78,7.81,JP,2021-06-17 05:02:58
Marabu,4.4148,114.0089,84.38,68,44,7.83,MY,2021-06-17 05:02:59
Albany,42.6001,-73.9662,48.22,79,11,5.17,US,2021-06-17 05:00:40
Vila,42.0304,-8.1588,55.17,91,99,1.43,PT,2021-06-17 05:02:59
BÄnsgÄon,26.5586,83.3481,77.45,91,100,11.32,IN,2021-06-17 05:03:00
Sa Kaeo,13.75,102.3333,89.35,60,94,11.48,TH,2021-06-17 05:03:00
Shenjiamen,29.9576,122.29799999999999,76.35,87,89,9.24,CN,2021-06-17 05:03:01
Coahuayana Viejo,18.7333,-103.6833,81.3,89,100,1.88,MX,2021-06-17 05:03:01
VicuÃ±a,-30.0319,-70.7081,54.7,59,100,2.01,CL,2021-06-17 05:00:43
Jiayuguan City,39.8167,98.3,73.72,14,88,16.67,CN,2021-06-17 05:03:02
Santa Isabel Rio Negro,-0.4139,-65.0192,71.29,96,100,0.16,BR,2021-06-17 05:03:02
Ewo,-0.8725,14.8206,71.62,87,99,4.63,CG,2021-06-17 05:03:02
Ilave,-16.0833,-69.6667,37.38,78,79,2.08,PE,2021-06-17 05:03:03
Waipawa,-41.4122,175.5153,50.0,88,53,4.83,NZ,2021-06-17 05:03:03
Tongchuanshi,35.0806,109.0897,63.23,66,100,4.68,CN,2021-06-17 05:03:04
Inhambane,-23.865,35.3833,67.03,80,3,4.81,MZ,2021-06-17 05:03:04
Angol,-37.8,-72.7167,48.24,87,92,3.31,CL,2021-06-17 05:02:52
Mount Isa,-20.7333,139.5,76.77,20,54,9.22,AU,2021-06-17 05:01:04
Camargo,27.6667,-105.1667,80.22,33,65,17.9,MX,2021-06-17 05:03:05
Mocuba,-16.8392,36.9856,66.52,90,78,2.04,MZ,2021-06-17 05:03:06
NeuquÃ©n,-38.9516,-68.0591,41.09,45,100,8.01,AR,2021-06-17 05:00:32
Dingcheng,32.1272,115.0394,73.31,93,100,10.45,CN,2021-06-17 05:03:07
Fonte Boa,-2.4959,-66.2662,71.53,99,99,1.21,BR,2021-06-17 05:03:07
Houma,29.5958,-90.7195,76.35,94,65,2.44,US,2021-06-17 05:02:07
Whitianga,-36.8333,175.7,59.02,82,11,7.02,NZ,2021-06-17 04:58:13
Front Royal,38.9182,-78.1944,58.21,71,1,4.61,US,2021-06-17 05:02:54
Katsuura,35.1333,140.3,78.21,68,70,16.62,JP,2021-06-17 05:03:08
Poso,-1.3959,120.7524,85.59,65,12,6.46,ID,2021-06-17 05:03:09
Coxim,-18.5067,-54.76,65.53,60,48,4.85,BR,2021-06-17 05:03:09
Kuytun,54.3419,101.5036,68.18,42,19,3.02,RU,2021-06-17 05:03:10
TitlÄgarh,20.3,83.15,86.86,56,100,11.07,IN,2021-06-17 05:03:11
Cravo Norte,6.3017,-70.2041,74.66,92,99,3.02,CO,2021-06-17 05:03:11
Winnemucca,40.973,-117.7357,66.25,18,1,3.44,US,2021-06-17 05:03:12
Alyangula,-13.8483,136.4192,81.93,69,62,6.51,AU,2021-06-17 05:03:13
VerÄval,20.9,70.3667,86.99,73,42,16.37,IN,2021-06-17 05:03:13
Siderno,38.2779,16.302,68.13,52,39,4.21,IT,2021-06-17 05:03:13
Ponta Delgada,37.7333,-25.6667,63.32,94,75,9.22,PT,2021-06-17 05:03:14
Sakaiminato,35.55,133.2333,69.15,84,97,11.56,JP,2021-06-17 05:03:14
Spring Hill,28.4769,-82.5255,73.22,87,90,3.44,US,2021-06-17 05:03:15
NÄnÄkuli,21.3906,-158.1547,78.44,68,15,7.27,US,2021-06-17 05:03:15
Pringsewu,-5.3582,104.9744,88.83,56,100,2.24,ID,2021-06-17 05:03:16
Narrabri,-30.3167,149.7833,61.52,48,1,3.0,AU,2021-06-17 05:03:16
Kumul,42.8,93.45,84.79,9,100,2.82,CN,2021-06-17 05:03:16
Porto Santo,33.071999999999996,-16.3415,68.38,88,75,14.97,PT,2021-06-17 05:03:17
FundÃ£o,-19.9341,-40.4047,58.53,94,3,3.2,BR,2021-06-17 05:03:17
AmapÃ¡,1.0,-52.0,70.2,99,18,1.21,BR,2021-06-17 05:03:18
Olinda,-8.0089,-34.8553,71.33,83,40,4.61,BR,2021-06-17 05:03:18
Trairi,-3.2778,-39.2689,78.12,81,4,8.41,BR,2021-06-17 05:00:08
Georgiyevka,43.0369,74.7114,78.84,31,40,11.18,KZ,2021-06-17 05:03:19
Singleton,-32.5667,151.1833,61.93,50,4,13.96,AU,2021-06-17 05:03:19
Worland,44.0169,-107.9554,74.19,40,1,1.01,US,2021-06-17 05:03:20
Ilhabela,-23.7781,-45.3581,63.45,89,57,4.79,BR,2021-06-17 05:02:01
FilinguÃ©,14.3521,3.3168,83.53,55,27,16.17,NE,2021-06-17 05:03:21
Montevideo,-34.8335,-56.1674,46.81,71,100,10.04,UY,2021-06-17 05:02:00
Rancho Palos Verdes,33.7445,-118.387,65.3,88,100,4.0,US,2021-06-17 05:03:21
Galesong,-5.3166,119.3661,89.62,69,38,4.61,ID,2021-06-17 05:03:22
Karwar,14.8,74.1333,80.73,82,98,15.99,IN,2021-06-17 05:03:23
Tiznit Province,29.5833,-9.5,58.8,86,43,3.74,MA,2021-06-17 05:03:24
Noumea,-22.2763,166.4572,78.01,99,44,8.19,NC,2021-06-17 05:00:04
Ghanzi,-21.5667,21.7833,51.24,33,2,6.17,BW,2021-06-17 05:03:24
Goundam,16.4145,-3.6708,87.98,41,24,17.05,ML,2021-06-17 05:03:25
ConstituciÃ³n,-35.3333,-72.4167,53.06,85,2,4.52,CL,2021-06-17 05:03:25
Padang,-0.9492,100.3543,87.85,63,25,4.83,ID,2021-06-17 05:03:25
Bell Ville,-32.6259,-62.6887,40.8,85,94,4.68,AR,2021-06-17 05:03:26
Katghora,22.5,82.55,82.81,69,100,3.22,IN,2021-06-17 05:03:26
Guerrero Negro,27.9769,-114.0611,65.86,86,5,13.13,MX,2021-06-17 05:03:27
Yeppoon,-23.1333,150.7333,80.38,67,21,3.76,AU,2021-06-17 05:03:27
MozarlÃ¢ndia,-14.7447,-50.5706,68.77,33,12,7.4,BR,2021-06-17 05:03:27
Ãubuk,40.2386,33.0322,56.64,77,40,4.61,TR,2021-06-17 05:03:28
Rock Springs,41.5875,-109.2029,75.24,22,1,5.01,US,2021-06-17 05:03:28
Maragogi,-9.0122,-35.2225,73.8,91,70,6.93,BR,2021-06-17 05:03:28
Kroya,-7.6331,109.2461,83.19,76,98,3.62,ID,2021-06-17 05:03:29
ChimorÃ©,-16.9833,-65.1333,65.97,82,96,1.99,BO,2021-06-17 05:03:30
Tawang Town,27.5833,91.8667,63.84,87,98,5.03,IN,2021-06-17 05:03:30
Dongsheng,39.8161,109.9776,70.34,19,21,16.28,CN,2021-06-17 05:03:31
Atambua,-9.1061,124.8925,83.82,49,36,1.86,ID,2021-06-17 05:03:31
Laas,46.6166,10.7002,63.63,86,35,1.36,IT,2021-06-17 05:03:32
Arteaga,18.4667,-102.4167,69.15,94,100,3.85,MX,2021-06-17 05:03:32
Kieta,-6.2167,155.6333,83.71,66,59,2.89,PG,2021-06-17 05:03:33
Zabid,14.1951,43.3152,88.38,59,65,5.46,YE,2021-06-17 05:03:33
Deniliquin,-35.5333,144.9667,55.0,73,87,8.46,AU,2021-06-17 05:03:33
Pandan,14.0453,124.1694,87.87,65,43,2.71,PH,2021-06-17 05:03:34
Wajid,3.8093,43.2471,74.88,69,96,18.19,SO,2021-06-17 05:03:34
AcarÃ­,-15.4311,-74.6158,67.66,69,50,1.95,PE,2021-06-17 05:03:35
MaceiÃ³,-9.6658,-35.7353,76.44,88,90,2.3,BR,2021-06-17 05:00:01
Mogadishu,2.0371,45.3438,79.09,75,88,16.98,SO,2021-06-17 05:03:36
Sinnamary,5.3833,-52.95,77.14,89,92,8.05,GF,2021-06-17 05:01:13
Kayes,14.0,-11.0,82.65,49,100,5.61,ML,2021-06-17 05:03:36
Hermanus,-34.4187,19.2345,51.8,84,7,7.61,ZA,2021-06-17 05:03:37
Ndioum,16.5129,-14.6471,73.89,69,42,10.74,SN,2021-06-17 05:03:37
Phibun Mangsahan,15.2447,105.2291,89.11,64,90,10.16,TH,2021-06-17 05:03:37
Biak,-0.9131,122.8766,81.84,71,22,3.85,ID,2021-06-17 05:03:38
Panzhihua,26.5851,101.7128,91.45,47,63,3.62,CN,2021-06-17 05:03:38
Isiro,2.7739,27.616,66.56,97,100,1.9,CD,2021-06-17 05:03:39
Gallup,35.5281,-108.7426,81.54,15,20,8.05,US,2021-06-17 05:03:39
Paranhos,-23.8928,-55.4311,55.2,79,96,4.43,BR,2021-06-17 05:03:40
Mar del Plata,-38.0023,-57.5575,44.1,28,40,4.0,AR,2021-06-17 04:59:10
Quila,24.4228,-107.22,83.52,66,41,1.57,MX,2021-06-17 05:03:40
Kralendijk,12.15,-68.2667,79.97,87,98,19.35,BQ,2021-06-17 05:03:41
La Esperanza,14.8667,-91.5667,51.04,87,100,1.05,GT,2021-06-17 05:03:42
Dhidhdhoo,6.8833,73.1,82.44,78,100,16.91,MV,2021-06-17 05:03:42
MazatlÃ¡n,23.2167,-106.4167,84.96,81,40,1.99,MX,2021-06-17 05:03:43
Fallon,39.4735,-118.7774,77.5,16,75,4.61,US,2021-06-17 05:03:43
San Miguel de TucumÃ¡n,-26.8241,-65.2226,42.93,60,100,1.43,AR,2021-06-17 05:03:44
AripuanÃ£,-9.1667,-60.6333,74.39,75,58,0.94,BR,2021-06-17 05:03:44
Artigas,-30.4,-56.4667,40.15,81,67,7.34,UY,2021-06-17 05:03:44
HienghÃ¨ne,-20.6833,164.9333,75.4,73,36,3.65,NC,2021-06-17 05:03:45
Sobradinho,-12.8333,-39.1,64.92,97,23,1.79,BR,2021-06-17 05:03:45
Kibala,9.1104,18.3463,74.19,78,100,4.43,TD,2021-06-17 05:03:46
Touros,-5.1989,-35.4608,75.2,91,4,10.2,BR,2021-06-17 05:03:46
Nacala,-14.5428,40.6728,69.89,80,41,6.33,MZ,2021-06-17 05:03:46
Viedma,-40.8135,-62.9967,42.21,55,100,2.77,AR,2021-06-17 05:03:47
Hervey Bay,-25.2986,152.8535,75.02,73,18,4.0,AU,2021-06-17 05:03:47
Charters Towers,-20.1,146.2667,80.49,45,52,11.3,AU,2021-06-17 05:03:48
Vega de Alatorre,20.0333,-96.6333,76.26,83,70,9.71,MX,2021-06-17 05:03:48
Imbituba,-28.24,-48.6703,52.32,82,69,7.83,BR,2021-06-17 05:03:49
Martapura,-3.4167,114.85,95.38,42,68,0.92,ID,2021-06-17 05:03:49
Lata,40.1629,-8.3327,61.0,98,19,2.55,PT,2021-06-17 05:03:50
Baiyin,36.5583,104.2081,55.09,57,100,1.14,CN,2021-06-17 05:03:50
MapimÃ­,25.8167,-103.85,74.17,42,48,11.12,MX,2021-06-17 05:03:51
Conakry,9.538,-13.6773,79.92,81,91,4.29,GN,2021-06-17 05:03:51
Paita,-5.0892,-81.1144,68.22,84,47,10.02,PE,2021-06-17 05:03:51
Along,28.1667,94.7667,85.26,75,98,1.66,IN,2021-06-17 05:03:52
Redding,40.5865,-122.3917,75.52,25,31,5.41,US,2021-06-17 05:01:59
Agadez,19.75,10.25,81.14,14,1,9.08,NE,2021-06-17 05:03:52
Kambove,-10.8764,26.5969,47.48,62,1,3.49,CD,2021-06-17 05:03:53
Shakawe,-18.3667,21.85,48.18,44,1,3.51,BW,2021-06-17 05:03:53
The Valley,18.217,-63.0578,81.0,82,95,22.15,AI,2021-06-17 05:03:54
Gillette,44.2911,-105.5022,64.67,41,1,5.75,US,2021-06-17 05:03:54
Yashan,22.1975,109.9419,90.64,63,65,12.44,CN,2021-06-17 05:03:54
MÄ«zan TeferÄ«,6.9833,35.5833,63.59,94,100,0.76,ET,2021-06-17 05:03:55
Batalha,-9.6778,-37.1247,65.79,95,1,1.05,BR,2021-06-17 05:03:55
Parkersburg,39.2667,-81.5615,53.87,95,56,3.53,US,2021-06-17 04:59:29
WaddÄn,29.1614,16.139,72.57,50,1,8.08,LY,2021-06-17 05:03:56
Buala,-8.145,159.5921,84.7,65,3,6.62,SB,2021-06-17 05:03:57
Souillac,-20.5167,57.5167,71.37,71,92,16.44,MU,2021-06-17 05:03:57
Ganzhou,28.8184,115.4327,92.03,66,91,7.76,CN,2021-06-17 05:03:58
CopiapÃ³,-27.3667,-70.3333,49.69,68,11,0.31,CL,2021-06-17 05:00:29
Yushu,44.8,126.5333,64.22,82,100,12.06,CN,2021-06-17 05:03:58
Finschhafen,-6.6024,147.8681,79.7,75,100,10.31,PG,2021-06-17 05:03:59
Binghamton,42.0987,-75.918,46.54,80,64,1.01,US,2021-06-17 05:01:37
Palmares do Sul,-30.2578,-50.5097,51.55,79,99,6.26,BR,2021-06-17 05:03:59
Cagsiay,14.2167,121.75,90.84,61,31,12.53,PH,2021-06-17 05:04:00
Campiglia Marittima,43.0602,10.6152,71.02,75,100,6.08,IT,2021-06-17 05:04:01
Carauari,-4.8828,-66.8958,71.29,97,100,0.47,BR,2021-06-17 05:04:01
Corralillo,22.9819,-80.5856,78.75,84,100,10.02,CU,2021-06-17 05:04:02
Guymon,36.6828,-101.4816,80.51,41,1,13.8,US,2021-06-17 05:04:02
Ojinaga,29.5667,-104.4167,86.95,32,1,17.27,MX,2021-06-17 05:04:03
Calafell,41.2,1.5683,73.63,73,99,7.31,ES,2021-06-17 05:04:03
Innisfail,-17.5333,146.0333,89.87,77,31,7.27,AU,2021-06-17 04:59:27
Zemio,5.0314,25.1361,68.16,99,100,1.9,CF,2021-06-17 05:04:04
Youkounkoun,12.5333,-13.1333,76.64,91,69,3.67,GN,2021-06-17 05:04:04
GuayaramerÃ­n,-10.8368,-65.3614,75.92,73,89,3.56,BO,2021-06-17 05:04:05
MutatÃ¡,7.2441,-76.4356,75.07,93,99,2.55,CO,2021-06-17 05:04:05
Lagan,45.3929,47.3707,85.14,50,17,22.41,RU,2021-06-17 05:04:06
Verrettes,19.05,-72.4667,80.19,84,35,2.59,HT,2021-06-17 05:04:06
Matara,5.9485,80.5353,85.51,69,100,14.61,LK,2021-06-17 05:04:07
Brownsville,25.9018,-97.4975,79.18,84,1,7.7,US,2021-06-17 05:00:03
Les Cayes,18.2,-73.75,79.5,79,75,4.47,HT,2021-06-17 05:04:07
Vrangel',42.7297,133.0839,58.53,86,100,5.68,RU,2021-06-17 05:04:08
Itoman,26.1247,127.6694,86.0,79,75,17.27,JP,2021-06-17 05:04:08
Kupang,-10.1667,123.5833,88.38,51,40,10.36,ID,2021-06-17 05:04:09
Mombasa,-4.0547,39.6636,76.26,72,91,13.78,KE,2021-06-17 05:04:09
Guilin,25.2819,110.2864,90.46,60,48,6.11,CN,2021-06-17 05:04:10
Nanyuki,0.0167,37.0728,59.88,77,97,2.19,KE,2021-06-17 05:04:10
Kavaratti,10.5669,72.642,83.25,81,59,23.6,IN,2021-06-17 05:04:11
IlÄm,26.9167,87.9167,76.59,85,74,6.55,NP,2021-06-17 05:04:11
NajrÄn,17.4924,44.1277,87.19,20,98,1.45,SA,2021-06-17 05:04:11
Esim,4.8699,-2.2405,77.54,85,91,8.66,GH,2021-06-17 05:04:12
Port-Gentil,-0.7193,8.7815,77.68,82,91,11.63,GA,2021-06-17 05:04:12
Paciran,-6.8767,112.3761,84.87,67,99,4.99,ID,2021-06-17 05:04:13
Tricase,39.9304,18.3553,69.82,58,35,2.48,IT,2021-06-17 05:04:14
Elko,41.0002,-115.5012,70.79,17,93,2.04,US,2021-06-17 05:04:14
Cantanhede,-3.6333,-44.3767,71.11,99,9,3.09,BR,2021-06-17 05:04:14
Sabang,5.8933,95.3214,83.1,72,98,14.18,ID,2021-06-17 05:04:15
Mossamedes,-15.1961,12.1522,64.58,72,35,7.16,AO,2021-06-17 05:04:15
CaucayÃ¡,-0.1934,-74.7819,68.07,99,59,1.3,CO,2021-06-17 05:04:16
CamaquÃ£,-30.8511,-51.8122,42.58,86,78,3.51,BR,2021-06-17 05:04:17
Yulara,-25.2406,130.9889,64.63,31,89,12.71,AU,2021-06-17 05:04:17
Dicabisagan,17.0818,122.4157,90.14,65,88,6.87,PH,2021-06-17 05:04:18
MÃ¢ncio Lima,-7.6142,-72.8958,70.5,85,82,0.96,BR,2021-06-17 05:04:18
San Carlos,9.6612,-68.5827,72.25,96,100,2.28,VE,2021-06-17 05:04:18
Departamento de Maldonado,-34.6667,-54.9167,49.39,73,100,6.51,UY,2021-06-17 05:04:19
Kirakira,-10.4544,161.9205,84.16,72,81,9.17,SB,2021-06-17 05:04:20
Sibu,2.3,111.8167,92.12,48,61,1.5,MY,2021-06-17 05:04:20
Mabaruma,8.2,-59.7833,72.7,100,100,2.08,GY,2021-06-17 05:04:21
Nova Aurora,-22.8667,-52.5667,60.55,72,96,5.17,BR,2021-06-17 05:04:21
KÄnkon,15.0167,74.0167,81.72,81,100,16.96,IN,2021-06-17 05:04:22
Pitimbu,-7.4706,-34.8086,73.99,89,30,9.19,BR,2021-06-17 05:04:22
San Antonio,29.4241,-98.4936,80.38,68,1,5.75,US,2021-06-17 05:04:22
Lagos,6.5833,3.75,76.23,89,100,5.19,NG,2021-06-17 05:01:57
Kaduqli,11.0167,29.7167,76.98,73,95,5.91,SD,2021-06-17 05:04:23
Preslav,43.1667,26.8167,63.79,90,85,4.83,BG,2021-06-17 05:04:23
MontelÃ­bano,7.9829,-75.4229,74.89,95,87,2.98,CO,2021-06-17 05:04:24
Garoowe,8.4054,48.4845,78.1,55,100,25.93,SO,2021-06-17 05:04:24
Pontes e Lacerda,-15.2261,-59.3353,67.51,70,75,4.9,BR,2021-06-17 05:03:27
Dakar,14.6937,-17.4441,74.28,83,94,10.94,SN,2021-06-17 04:59:39
Puerto Ayacucho,5.6639,-67.6236,74.25,94,98,3.36,VE,2021-06-17 05:04:25
Portoferraio,42.8115,10.3146,73.15,79,100,12.06,IT,2021-06-17 05:04:25
IporÃ¡,-16.4419,-51.1178,60.48,41,8,4.97,BR,2021-06-17 05:04:26
Namatanai,-3.6667,152.4333,82.94,71,82,5.86,PG,2021-06-17 05:04:26
Sibolga,1.7427,98.7792,86.02,63,46,5.5,ID,2021-06-17 05:04:27
Laguna,38.421,-121.4238,79.12,33,1,6.91,US,2021-06-17 05:04:27
Puerto El Triunfo,13.2833,-88.55,77.16,88,83,2.71,SV,2021-06-17 05:04:27
Maihar,24.2667,80.75,93.07,44,100,10.02,IN,2021-06-17 05:04:28
Mayumba,-3.432,10.6554,75.04,89,100,3.69,GA,2021-06-17 05:04:29
Ridgecrest,35.6225,-117.6709,97.66,11,90,6.91,US,2021-06-17 05:04:29
New Glasgow,45.5834,-62.6486,55.54,83,1,7.34,CA,2021-06-17 05:01:04
Contamana,-7.3333,-75.0167,74.88,83,100,1.1,PE,2021-06-17 05:04:30
Puerto Madryn,-42.7692,-65.0385,41.43,60,11,8.43,AR,2021-06-17 05:01:06
Eureka,40.8021,-124.1637,57.13,76,4,3.0,US,2021-06-17 05:04:30
Howard Springs,-12.497,131.047,90.86,56,21,6.89,AU,2021-06-17 05:04:31
Tual,-5.6667,132.75,80.67,80,97,12.5,ID,2021-06-17 05:04:31
Wilmington,34.2257,-77.9447,69.06,88,14,1.36,US,2021-06-17 04:57:45
Singaparna,-7.3515,108.111,78.4,78,100,3.02,ID,2021-06-17 05:04:32
Gorontalo,0.5412,123.0595,84.15,78,16,6.11,ID,2021-06-17 05:04:32
Laviana,43.2333,-5.5333,60.12,100,98,2.04,ES,2021-06-17 05:04:33
RepatriaciÃ³n,-25.5333,-55.95,52.74,77,97,5.03,PY,2021-06-17 05:04:34
Jishu,44.3167,126.8,62.17,96,100,10.76,CN,2021-06-17 05:04:34
Luena,-11.7833,19.9167,47.05,50,10,2.8,AO,2021-06-17 05:04:35
Xunchang,28.4543,104.715,69.21,87,100,2.57,CN,2021-06-17 05:04:35
Pemba,-12.974,40.5178,72.21,84,25,9.98,MZ,2021-06-17 05:04:35
Mumford,5.2618,-0.759,76.44,88,89,10.16,GH,2021-06-17 05:04:36
San Vicente,-26.6167,-54.1333,44.62,90,78,3.29,AR,2021-06-17 05:04:36
Wagar,16.1525,36.2032,91.2,39,33,15.73,SD,2021-06-17 05:04:37
Mongo,12.1844,18.692999999999998,81.99,53,82,4.0,TD,2021-06-17 05:04:37
PÃ³voa de Varzim,41.3834,-8.7636,64.65,94,40,4.61,PT,2021-06-17 05:04:37
Impfondo,1.6381,18.0667,71.82,93,100,2.44,CG,2021-06-17 05:04:38
CamanÃ¡,-16.6228,-72.7111,64.24,83,43,8.75,PE,2021-06-17 05:04:38
Punto Fijo,11.6956,-70.1996,78.8,83,48,24.99,VE,2021-06-17 05:04:39
Charagua,-19.8,-63.2167,45.16,93,100,8.81,BO,2021-06-17 05:04:39
Sompeta,18.9333,84.6,92.12,55,100,8.12,IN,2021-06-17 05:04:39
Arroyo de la Encomienda,41.6096,-4.7969,60.94,84,97,3.18,ES,2021-06-17 05:04:40
Lufilufi,-13.8745,-171.5986,81.79,79,95,16.69,WS,2021-06-17 05:04:40
Mimongo,-1.6195,11.6068,67.3,100,99,2.06,GA,2021-06-17 05:04:41
Green River,41.5286,-109.4662,75.99,20,49,5.1,US,2021-06-17 05:04:42
Molteno,-31.3968,26.3625,41.7,76,9,5.86,ZA,2021-06-17 05:04:42
Santa Cruz de La Palma,28.6835,-17.7642,69.94,83,75,12.66,ES,2021-06-17 05:04:42
West Bay,19.3667,-81.4167,82.99,85,100,4.0,KY,2021-06-17 05:04:43
Wenling,28.3669,121.36,85.87,84,84,5.59,CN,2021-06-17 05:04:43
Aloleng,16.1307,119.7824,86.54,68,25,10.63,PH,2021-06-17 05:04:44
SamanÃ¡,19.2056,-69.3369,77.11,92,4,6.98,DO,2021-06-17 05:04:44
Huron,41.1501,-82.5499,53.08,82,24,5.48,US,2021-06-17 05:04:44
Luzhou,28.8724,105.4405,70.52,93,100,6.13,CN,2021-06-17 05:04:45
Muroto-misakicho,33.2833,134.15,73.31,73,97,4.45,JP,2021-06-17 05:04:45
Horta,38.5333,-28.6333,65.7,88,100,14.23,PT,2021-06-17 05:04:45
Birao,10.2849,22.7882,73.17,81,100,9.01,CF,2021-06-17 05:02:13
Port Alfred,-33.5906,26.891,58.59,80,4,8.52,ZA,2021-06-17 05:04:46
Nanyamba,-10.6833,39.8333,67.71,92,23,4.29,TZ,2021-06-17 05:04:47
Kingman,35.1894,-114.053,93.58,20,66,2.93,US,2021-06-17 05:00:00
Siocon,7.7061,122.1353,87.13,64,56,2.06,PH,2021-06-17 05:04:47
Oistins,13.0667,-59.5333,80.69,69,75,23.02,BB,2021-06-17 05:04:23
Marawi,7.9986,124.2928,78.24,81,41,1.61,PH,2021-06-17 05:04:48
Witu,-2.3889,40.4382,77.81,70,100,10.69,KE,2021-06-17 05:04:48
Batangafo,7.3008,18.2833,69.78,97,100,5.01,CF,2021-06-17 05:04:49
KattivÄkkam,13.2167,80.3167,92.07,61,99,19.89,IN,2021-06-17 05:04:49
La Santisima Trinidad,-14.8333,-64.9,70.75,75,100,3.36,BO,2021-06-17 05:04:50
Callaway,30.153000000000002,-85.5699,78.04,70,1,1.01,US,2021-06-17 05:04:51
Corbii Mari,44.55,25.5,67.05,79,12,4.43,RO,2021-06-17 05:04:51
JutaÃ­,-5.1833,-68.9,70.83,99,98,0.27,BR,2021-06-17 05:04:52
PadmanÄbhapuram,8.2333,77.3333,85.68,70,98,14.65,IN,2021-06-17 05:04:52
Trelew,-43.248999999999995,-65.3051,36.16,54,2,3.44,AR,2021-06-17 05:04:53
Catuday,16.2923,119.8062,84.99,68,24,9.84,PH,2021-06-17 05:04:53
Buenos Aires,-34.6132,-58.3772,44.06,76,100,1.01,AR,2021-06-17 05:01:41
BanepÄ,27.6298,85.5214,77.32,73,75,2.3,NP,2021-06-17 05:04:54
Hue,16.4667,107.6,93.31,55,20,9.22,VN,2021-06-17 05:04:55
Port Antonio,18.18,-76.4612,74.26,84,54,8.9,JM,2021-06-17 05:04:55
Lalibela,12.0333,39.0333,68.76,27,98,1.43,ET,2021-06-17 05:04:55
Hanmer Springs,-42.5167,172.8167,41.25,98,100,2.59,NZ,2021-06-17 05:04:56
Presidente EpitÃ¡cio,-21.7633,-52.1156,63.9,66,87,5.03,BR,2021-06-17 05:04:57
Nkowakowa,-23.8878,30.2871,53.65,39,17,4.76,ZA,2021-06-17 05:04:57
Mountain Home,43.133,-115.6912,66.79,22,1,6.91,US,2021-06-17 05:04:58
Huarmey,-10.0681,-78.1522,66.58,87,55,9.84,PE,2021-06-17 05:04:58
Todos Santos,23.45,-110.2167,71.6,88,19,7.72,MX,2021-06-17 05:04:59
Praia,14.9215,-23.5087,72.14,83,20,11.5,CV,2021-06-17 05:04:59
Deogarh,21.5333,84.7333,79.2,84,100,3.0,IN,2021-06-17 05:05:00
Teahupoo,-17.8333,-149.2667,73.36,85,100,18.48,PF,2021-06-17 05:05:01
Ulundi,-28.3352,31.4162,57.43,42,87,3.78,ZA,2021-06-17 05:02:14
Xichang,27.8964,102.2634,83.7,59,100,4.47,CN,2021-06-17 05:05:02
Hirara,24.8,125.2833,85.8,77,94,8.68,JP,2021-06-17 05:05:02
Bonthe,7.5264,-12.505,77.92,80,35,4.63,SL,2021-06-17 05:05:03
Makkah al Mukarramah,21.4267,39.8261,90.52,36,26,6.67,SA,2021-06-17 05:05:04
Maswa,-2.6833,33.9833,67.53,69,82,1.43,TZ,2021-06-17 05:05:05
Langsa,4.4683,97.9683,92.62,52,72,3.31,ID,2021-06-17 05:05:05
Kutum,14.2,24.6667,74.62,61,100,15.75,SD,2021-06-17 05:05:06
Lincoln,40.8,-96.667,80.44,77,10,1.01,US,2021-06-17 04:59:14
Praia,14.9215,-23.5087,72.14,83,20,11.5,CV,2021-06-17 05:04:59
Maun,-19.9833,23.4167,50.67,40,3,3.96,BW,2021-06-17 05:05:07
Puerto del Rosario,28.5004,-13.8627,69.55,78,23,17.27,ES,2021-06-17 05:05:07
Belmonte,-15.8631,-38.8828,66.7,78,8,3.13,BR,2021-06-17 05:05:08
Banda Aceh,5.5577,95.3222,86.45,60,99,11.21,ID,2021-06-17 05:05:08
Portachuelo,-17.35,-63.4,63.5,65,97,13.11,BO,2021-06-17 05:05:08
Macomb,40.4592,-90.6718,65.62,72,1,3.44,US,2021-06-17 05:05:09
Port Hedland,-20.3167,118.5667,69.85,30,75,14.97,AU,2021-06-17 05:05:10
Erenhot,43.6475,111.9767,68.54,22,30,33.38,CN,2021-06-17 05:05:10
Mfou,3.7159,11.6427,66.58,98,100,2.77,CM,2021-06-17 05:05:11
Faro,37.0194,-7.9322,64.18,100,40,8.05,PT,2021-06-17 05:03:53
Lithgow,-33.4833,150.15,46.13,69,22,16.26,AU,2021-06-17 05:05:11
Taltal,-25.4,-70.4833,59.58,71,1,1.68,CL,2021-06-17 05:05:12
Sterling,39.0062,-77.4286,61.72,66,75,8.01,US,2021-06-17 05:03:13
Itaituba,-4.2761,-55.9836,72.77,97,53,1.12,BR,2021-06-17 05:02:08
PoconÃ©,-16.2567,-56.6228,64.85,72,90,3.76,BR,2021-06-17 05:05:13
Saint-Paul,-21.0096,55.2707,72.55,93,22,1.3,RE,2021-06-17 05:05:13
BÄndarban,22.1965,92.2262,80.76,86,100,5.08,BD,2021-06-17 05:05:08
Prachuap Khiri Khan,12.2167,99.75,93.58,45,100,10.54,TH,2021-06-17 05:05:14
Umm Kaddadah,13.6017,26.6876,80.73,47,100,6.58,SD,2021-06-17 05:05:14
San Roque,36.2107,-5.3842,65.23,82,75,8.05,ES,2021-06-17 05:05:15
Keskin,39.6731,33.6136,54.07,72,4,5.3,TR,2021-06-17 05:05:15
Merauke,-8.4667,140.3333,82.54,72,39,13.67,ID,2021-06-17 05:05:15
Illela,13.7292,5.2975,84.76,48,81,7.83,NG,2021-06-17 05:05:16
Libreville,0.3925,9.4537,77.02,94,40,8.05,GA,2021-06-17 05:05:17
Labuhan,-6.8844,112.2051,84.79,66,100,4.81,ID,2021-06-17 05:05:17
TomatlÃ¡n,19.9333,-105.25,81.68,80,57,2.15,MX,2021-06-17 05:05:18
Mareeba,-17.0,145.4333,84.42,67,18,4.59,AU,2021-06-17 05:05:18
Moreira Sales,-24.0622,-53.0069,54.68,83,58,3.98,BR,2021-06-17 05:05:19
Corning,42.1428,-77.0547,45.99,88,1,3.44,US,2021-06-17 05:05:19
Monroe,43.1501,-77.6831,51.13,70,1,6.91,US,2021-06-17 05:00:26
Chak One Hundred Twenty Nine Left,30.4333,73.05,95.5,32,1,4.25,PK,2021-06-17 05:05:20
Vao,-22.6667,167.4833,71.67,76,55,8.19,NC,2021-06-17 05:05:21
Xining,36.6167,101.7667,53.29,73,100,3.33,CN,2021-06-17 05:05:21
Lilongwe,-13.9669,33.7873,57.63,70,2,0.92,MW,2021-06-17 05:05:22
Awka,6.2101,7.0741,72.73,97,99,3.69,NG,2021-06-17 05:05:22
JamundÃ­,3.2607,-76.535,67.96,89,56,0.56,CO,2021-06-17 05:05:22
Mikuni,36.2171,136.1519,71.26,79,61,9.55,JP,2021-06-17 05:05:23
Grand Gaube,-20.0064,57.6608,71.38,82,17,5.99,MU,2021-06-17 05:05:23
Kibondo,-3.5864,30.7203,62.83,65,100,2.08,TZ,2021-06-17 05:05:23
Manta,-0.95,-80.7333,73.18,88,75,11.5,EC,2021-06-17 05:05:24
Bintulu,3.1667,113.0333,84.16,69,68,5.75,MY,2021-06-17 05:05:24
Sai Buri,6.7013,101.6168,91.81,62,32,2.98,TH,2021-06-17 05:05:25
Lodja,-3.4833,23.4333,64.71,51,74,1.92,CD,2021-06-17 05:05:25
Barcelona,41.3888,2.1590000000000003,74.95,74,20,1.01,ES,2021-06-17 05:05:04
Kaeo,-35.1,173.7833,60.33,78,8,6.06,NZ,2021-06-17 05:05:25
TucuruÃ­,-3.7661,-49.6725,77.72,75,95,2.51,BR,2021-06-17 05:04:30
Salina,38.8403,-97.6114,79.12,56,1,4.0,US,2021-06-17 05:04:25
Saint-Joseph,-21.3667,55.6167,69.76,79,29,12.75,RE,2021-06-17 05:05:26
Biltine,14.5333,20.9167,82.17,51,28,1.14,TD,2021-06-17 05:05:27
Atlantic City,39.3643,-74.4229,59.86,71,1,3.44,US,2021-06-17 05:05:27
Bloomfield,40.8068,-74.1854,59.92,53,1,1.01,US,2021-06-17 05:04:46
Vicam,27.6333,-110.2833,89.65,45,21,5.26,MX,2021-06-17 05:05:28
Liverpool,53.4106,-2.9779,57.27,75,100,1.99,GB,2021-06-17 05:05:28
Phek,25.6667,94.5,77.63,56,90,3.09,IN,2021-06-17 05:05:29
Fare,-16.7,-151.0167,80.06,78,98,22.08,PF,2021-06-17 05:05:29
Ambilobe,-13.2,49.05,72.54,64,61,3.96,MG,2021-06-17 05:05:29
Berbera,10.4396,45.0143,94.59,36,89,21.09,SO,2021-06-17 05:05:30
Arrondissement de Saint-Gaudens,43.0833,0.6667,65.59,79,94,5.55,FR,2021-06-17 05:05:30
Las Vegas,36.175,-115.1372,101.03,10,1,11.5,US,2021-06-17 05:03:29
Alice Town,25.7167,-79.3,77.65,81,100,18.03,BS,2021-06-17 05:05:32
Nueve de Julio,-35.4444,-60.8831,36.72,75,100,4.68,AR,2021-06-17 05:05:32
Non Sung,15.1801,102.2569,93.22,45,37,13.0,TH,2021-06-17 05:05:32
Brigantine,39.4101,-74.3646,60.39,72,1,3.44,US,2021-06-17 05:05:33
Duku,11.2361,4.9073,76.35,76,100,9.4,NG,2021-06-17 05:05:33
Araripina,-7.5761,-40.4983,64.24,77,24,6.42,BR,2021-06-17 05:05:34
Willmar,45.1219,-95.0433,77.95,50,40,5.75,US,2021-06-17 05:05:34
Larap,14.299000000000001,122.6504,93.31,52,14,2.39,PH,2021-06-17 05:05:34
Ternate,0.8,127.4,83.1,73,23,3.96,ID,2021-06-17 05:05:35
Pimentel,-6.8367,-79.9342,66.65,85,96,12.26,PE,2021-06-17 05:05:35
PoopÃ³,-18.3667,-66.9667,35.11,35,29,1.72,BO,2021-06-17 05:05:36
Zastron,-30.3023,27.084,41.41,61,76,2.1,ZA,2021-06-17 05:05:36
ChÄbua,27.4825,95.1736,91.35,66,75,4.61,IN,2021-06-17 05:05:36
Katobu,-4.9408,122.5276,84.58,66,96,6.4,ID,2021-06-17 05:05:37
Kota Belud,6.351,116.4305,87.66,72,42,6.93,MY,2021-06-17 05:05:37
Kalianget,-7.05,113.9333,85.1,68,89,9.91,ID,2021-06-17 05:05:37
Benxi,41.2886,123.765,64.72,97,100,4.56,CN,2021-06-17 05:05:38
Santa VitÃ³ria do Palmar,-33.5189,-53.3681,51.19,81,100,10.58,BR,2021-06-17 05:03:51
SÃ£o FÃ©lix do Xingu,-6.6447,-51.995,74.48,72,86,0.81,BR,2021-06-17 05:05:39
Salinas,36.6777,-121.6555,61.34,67,1,8.05,US,2021-06-17 05:05:29
Nabire,-3.3667,135.4833,82.78,74,62,4.7,ID,2021-06-17 05:05:39
Altamira,-3.2033,-52.2064,72.88,97,53,1.63,BR,2021-06-17 05:05:40
NarganÃ¡,9.4428,-78.5906,80.17,82,11,2.84,PA,2021-06-17 05:05:40
LadÃ¡rio,-19.0047,-57.6017,65.95,69,66,5.06,BR,2021-06-17 05:01:10
Gezing,47.9178,13.1299,62.82,76,20,4.61,AT,2021-06-17 05:05:41
Yuanping,38.7153,112.7575,79.05,25,62,9.66,CN,2021-06-17 05:05:09
Aquin,18.2833,-73.4,80.28,80,74,4.7,HT,2021-06-17 05:05:42
Lubumbashi,-11.6609,27.4794,47.82,69,2,3.13,CD,2021-06-17 05:03:33
Varna,43.2167,27.9167,65.17,93,75,8.05,BG,2021-06-17 05:04:49
Grand-Lahou,5.1367,-5.0242,76.15,88,87,8.12,CI,2021-06-17 05:05:44
BÃ©tarÃ© Oya,5.6,14.0833,65.86,99,100,1.7,CM,2021-06-17 05:05:45
Palu,-0.8917,119.8707,85.28,78,32,3.33,ID,2021-06-17 05:05:45
Puntarenas,9.9763,-84.8384,80.53,84,98,2.73,CR,2021-06-17 05:05:45
Lusambo,-4.9667,23.45,61.5,51,90,1.66,CD,2021-06-17 05:05:46
Antsohihy,-14.8796,47.9875,74.19,58,45,10.98,MG,2021-06-17 05:05:46
Zhaotong,27.3167,103.7167,80.46,55,92,4.34,CN,2021-06-17 05:05:47
Taoudenni,22.6783,-3.9836,93.24,10,20,3.49,ML,2021-06-17 05:05:47
Barra dos Coqueiros,-10.9089,-37.0386,75.22,83,20,4.61,BR,2021-06-17 05:05:47
Kendari,-3.945,122.4989,83.21,71,95,1.25,ID,2021-06-17 05:05:48
PiaÃ§abuÃ§u,-10.4056,-36.4344,73.35,82,30,6.42,BR,2021-06-17 05:05:48
